pitcher_id,season,pitcher_name,pitch_count,stamina_plus,outing_stamina_plus,inning_stamina_plus,stamina_score,outing_score,inning_score,velo_slope_outing,spin_slope_outing,velo_slope_inning,spin_slope_inning
663362,2024,"waldron, matt",2451,194.7,128.3,240.2,2.4238373669707807,0.8056049686692349,4.042069765272326,-0.00015757129142469613,0.0010118000652561956,0.0008248438174353653,0.0043391267272096965
650556,2024,"abreu, bryan",1302,182.2,184.0,160.8,2.6419199556539477,3.0689165152737354,2.2149233960341594,0.00039231537353355127,0.0011650333306442485,0.0008655286545048496,0.0018871467282895592
663855,2024,"hicks, jordan",1960,181.0,144.5,199.1,2.22316359237091,1.3741622757180765,3.0721649090237433,0.0002136543496471436,0.0004741638170246224,0.0012209462910968325,0.001989965817366124
519242,2024,"sale, chris",2818,162.3,103.6,207.6,1.5323013277168056,0.07389237877364549,2.9907102766599656,7.240734436126367e-05,-4.558025310773142e-05,0.001404883932411554,0.0013712151069101193
592332,2024,"gausman, kevin",2959,161.7,97.8,212.5,1.499131879769488,-0.08905274641384958,3.0873165059528254,4.393595758021448e-05,-8.409051945567653e-05,0.0012013803322720455,0.0020640854346966947
572955,2024,"johnson, pierce",921,160.7,174.1,132.4,2.298901020263318,3.1923995064417907,1.4054025340848455,0.000413639506010825,0.0011948401249443472,0.0007453948549376802,0.0011872541950786824
680767,2024,"vodnik, victor",1345,158.3,174.7,127.5,1.8452921265164628,2.6876223840555498,1.0029618689773758,0.0003714075241492195,0.0009619236139249347,0.0005181892552423413,0.0013078004213012391
664875,2024,"lawrence, justin",1082,154.8,156.8,139.5,1.9128062760600981,2.2490552039856793,1.576557348134517,0.0002866748756763475,0.0008782984297169897,0.0006838363214903286,0.0015784716268095334
625643,2024,"lópez, reynaldo",2117,154.5,118.9,178.0,1.458082114368417,0.5534615356157551,2.362702693121079,0.00011381519948820365,0.00017252883565743217,0.0013067271651641948,0.0008421281404965487
663878,2024,"pearson, nate",1059,151.8,155.4,135.8,1.828605068526067,2.2119354086163505,1.4452747284357839,0.00037888907622633464,0.0006255689894791453,0.0007497768367847527,0.0012260207523962928
547973,2024,"chapman, aroldis",1130,148.6,163.4,121.8,1.6623186479066976,2.4601763365928617,0.8644609592205333,0.0005121157728460221,0.00046215230889281504,0.0008374221475467769,0.0002375975821928373
605280,2024,"holmes, clay",1087,145.7,147.7,132.6,1.5903630943901952,1.878960438832431,1.3017657499479596,0.00025452902337845713,0.0007104492388622017,0.0006339577241488118,0.0013663458539128316
642232,2024,"yarbrough, ryan",1527,145.3,147.1,132.6,1.36051739911266,1.597383954556063,1.123650843669257,0.0002959689169153828,0.00041986805799980526,0.0007731212062136634,0.0007491434731705112
596001,2024,"junis, jakob",944,142.3,134.6,140.1,1.5810104760435917,1.4502495637149773,1.7117713883722059,0.0002887801298529126,0.0003393187215920353,0.0009244378005189074,0.0010784877169068825
640451,2024,"harvey, hunter",911,141.6,154.5,118.4,1.5829266018229098,2.348784091859003,0.817069111786817,0.0002177312686431124,0.0011153465834093787,0.0005274241510436505,0.0010440838245706857
656222,2024,"beeks, jalen",1195,141.2,138.4,134.2,1.371959566931778,1.4370434811817636,1.3068756526817924,6.279787166807643e-05,0.0008890532846192264,0.00040529822899170034,0.0020124961227999593
665625,2024,"peguero, elvis",839,139.9,152.0,117.9,1.5860565663766586,2.3399558899786768,0.8321572427746404,0.00021392998638553758,0.0011188430300168271,0.00047012382423370535,0.0012236736003147744
607074,2024,"rodón, carlos",3102,139.9,123.0,147.7,0.9576978652050979,0.6099118176919636,1.3054839127182323,0.00013992923927259895,0.0001457039917623445,0.0008169961528465711,0.0008591049612493635
608331,2024,"fried, max",2766,139.0,98.7,171.1,0.9638655729389223,-0.06521377940922055,1.992944925287065,-1.1692716859355514e-05,6.933619126367065e-05,0.0009011586564768171,0.0015034187608226278
681911,2024,"vesia, alex",1124,138.4,151.1,116.2,1.3169705998798913,1.9820565747885999,0.6518846249711827,0.0004570046720160545,0.00027888196863694504,0.0006310831031124067,0.0005427423587068337
676534,2024,"faucher, calvin",1000,137.8,146.6,119.7,1.3708659463647135,1.9112651117433153,0.8304667809861117,0.0003266908265525183,0.0005536738655560314,0.0005957556993976132,0.0008700901908275455
664076,2024,"cleavinger, garrett",1057,136.2,145.2,118.3,1.2781388635558746,1.801424398131131,0.7548533289806182,0.0001988121985526754,0.0007963532438263544,0.0004108851669097765,0.0012904524139976108
667463,2024,"king, john",860,134.5,134.7,125.9,1.3512802545895803,1.528192327910162,1.1743681812689988,0.00021187631730672465,0.0005814841953459542,0.0007333620549022236,0.0009252609341012548
662253,2024,"muñoz, andrés",964,134.0,139.4,120.3,1.255779675470512,1.6382741050436471,0.873285245897377,0.0002464401497191085,0.000569611566231338,0.0006478230518659288,0.0007792405216491223
669674,2024,"long, sam",706,134.0,139.6,120.2,1.4911336195381897,1.9508528036733825,1.0314144354029966,0.0003134235854044739,0.000612919633589112,0.0006686093353263055,0.000923452561165084
669713,2024,"wesneski, hayden",1077,133.7,118.1,141.7,1.1789370840152447,0.690919378854704,1.6669547891757852,1.1650359262799827e-06,0.0005428174046360614,0.0008150980621634804,0.001326983932839188
458677,2024,"wilson, justin",822,133.6,140.9,118.0,1.3481217471422178,1.8527855953994876,0.8434578988849477,0.00021654560537719662,0.0007868421470997769,0.00046642593603239154,0.001248478714717054
663432,2024,"rainey, tanner",943,133.6,145.4,113.3,1.2536854464376384,1.9172401475591296,0.5901307453161468,0.0002638048986522353,0.0007131012925337329,0.0005086498286646799,0.0008061896735640547
664285,2024,"valdez, framber",2605,132.9,110.1,148.3,0.8243927335648994,0.26586284776143404,1.3829226193683648,5.143870172460563e-05,0.000134525913542474,0.0008483458315441087,0.000870510283130837
600917,2024,"leclerc, josé",1207,132.3,136.0,120.7,1.0697548640133183,1.340702515853383,0.7988072121732539,0.00025123449680940484,0.0003589187665288819,0.0005918609736372625,0.0008404702608202729
669276,2024,"lee, dylan",879,132.2,136.5,120.1,1.2471714998409658,1.587735867666577,0.9066071320153546,0.00018204199787229052,0.0006950135726338029,0.0005599319308940981,0.0010677330159780548
664747,2024,"díaz, alexis",981,131.6,137.4,118.1,1.1572152296137204,1.5392525379637392,0.7751779212637017,0.0002368835736314918,0.0005270645270870207,0.0005099954703416991,0.0010392280869632338
661395,2024,"durán, jhoan",890,130.3,135.3,117.9,1.1640529153743433,1.5237823961355528,0.804323434613134,0.0001225041986043437,0.0007994379738294957,0.0005214213955474601,0.0010445643818816823
607481,2024,"bummer, aaron",983,130.0,133.4,119.5,1.0979898144653522,1.367067184866955,0.8289124440637492,0.0001387934864718501,0.0006544559340167163,0.0004176476699074968,0.0013663086860618294
621383,2024,"banks, tanner",1181,129.2,133.3,118.0,0.975812307967782,1.2477355747639347,0.7038890411716292,0.0002223994752645088,0.0003680679637990869,0.0005370725477416276,0.0008722600562275622
641771,2024,"kuhl, chad",984,128.3,126.4,123.5,1.033090475402331,1.0728261271127786,0.9933548236918832,0.00014112565470636267,0.000452074408682106,0.0006420947379261379,0.0009489153642812745
571656,2024,"farmer, buck",1193,128.3,136.9,112.8,0.9428392067539018,1.381460206694669,0.5042182068131343,0.0001504239514815455,0.0006353266513790148,0.00046713593441531084,0.0008123720584267885
623149,2024,"sewald, paul",633,128.0,135.7,113.4,1.3071257886412961,1.8751913286165414,0.7390602486660509,0.00028841875382878973,0.0006241655921855935,0.0005829734778630619,0.0007888731383807648
666808,2024,"doval, camilo",1124,127.7,132.6,115.9,0.9464764499395841,1.2524874176786889,0.6404654822004794,0.00016231125996802483,0.0005197629406526803,0.00046155372244193984,0.0010023406113102012
643338,2024,"green, chad",850,127.4,139.9,108.1,1.0806704605640172,1.7706322263309993,0.39070869479703524,0.00019534271915726546,0.0007843528590445321,0.00044110828266272906,0.000739920508065978
660761,2024,"suarez, josé",990,127.2,126.5,121.3,0.9885280997174342,1.0753896966561287,0.9016665027787397,0.00014867555507597663,0.00043512638437811374,0.0006741994370156416,0.0007417790636331987
594580,2024,"moll, sam",632,127.0,123.9,123.6,1.2605597877967316,1.241238289975302,1.2798812856181612,0.00018154686562349954,0.0004647015325334074,0.0005197017113820429,0.0016579399325068796
669093,2024,"estrada, jeremiah",1008,126.8,139.8,107.0,0.9653874616095732,1.6172597801348876,0.31351514308425876,0.00012354275612265595,0.0008593342306209855,0.0003249789643245779,0.000965976315038267
596295,2024,"gomber, austin",2622,126.7,111.7,135.7,0.6688468861127737,0.31198475948452054,1.0257090127410267,5.783368149968437e-05,0.00014953896053293488,0.0007713558549816491,0.0006287466604440895
656302,2024,"cease, dylan",3188,126.3,109.5,137.2,0.6242552337181972,0.2350289241369818,1.0134815432994126,0.00011634079155064202,-4.6496001562112286e-05,0.0005271860245489859,0.0012960963580421294
672582,2024,"zerpa, angel",959,125.8,139.8,105.3,0.9546272283090611,1.6582800781017255,0.2509743785163966,-4.3448007021355106e-06,0.0012028436943911348,0.00014856265316612772,0.0013794191594350613
655889,2024,"rodríguez, manuel",609,125.7,129.0,116.1,1.2284910338388912,1.5500312443202486,0.9069508233575341,0.00020800486164006227,0.000605646404089843,0.0005683170887976443,0.0010447176916867475
593576,2024,"neris, héctor",1013,125.4,145.9,98.4,0.9150287813363371,1.8666998142009668,-0.03664225152829237,0.00037016852261696754,0.0004164309577573272,0.0005917097563433048,-0.00022822059323471242
664350,2024,"sánchez, sixto",622,125.4,126.0,118.8,1.2009931055600371,1.3664542240997217,1.0355319870203525,0.0002886948284180084,0.0002835360215748828,0.0008011526242076608,0.0005579688379692931
502085,2024,"robertson, david",1228,125.3,134.5,109.9,0.8318409252301983,1.2731954641656769,0.3904863862947196,0.00015171461476001064,0.0005597920959053215,0.00032052679200391364,0.0010769291275013913
605121,2024,"anderson, justin",949,125.1,125.2,118.9,0.9312716204008169,1.039911236933566,0.8226320038680678,1.8813436940935986e-05,0.0007323985274204593,0.00037787891895171263,0.0014695136823815313
660896,2024,"alcalá, jorge",935,125.0,130.3,113.6,0.9373747708777028,1.271256739868706,0.6034928018866996,0.0002967109683978162,0.0002001099172306633,0.0006638177293957329,0.0003892499790259769
665871,2024,"assad, javier",2538,124.7,89.4,155.0,0.6226855547713757,-0.3358185147506161,1.5811896242933674,-6.963259518415999e-05,3.172296321083101e-05,0.0008904839671607345,0.0010063603104241536
544150,2024,"suárez, albert",2242,124.3,115.3,127.7,0.6350758801710202,0.4331545166033567,0.8369972437386838,8.09151333522318e-05,0.00017345645400175912,0.0005681097252027778,0.0009557790450484442
572020,2024,"paxton, james",1708,124.2,120.0,122.7,0.6942417008913989,0.6309188834084012,0.7575645183743966,9.475176878878018e-05,0.00027140619233303716,0.000591327988577659,0.000789183397635364
668941,2024,"romero, jojo",921,124.1,131.8,110.4,0.9100982859286386,1.346266629101097,0.4739299427561803,0.0002336654643122584,0.0004060620869911086,0.0006135936495909003,0.0003639379306496897
641482,2024,"cortés, néstor",2851,124.1,102.4,140.6,0.588043366340204,0.04037316389263853,1.1357135687877695,2.865186944019141e-05,4.0171776549274366e-05,0.0009918006756533498,0.00015288513314430844
670955,2024,"uceta, edwin",674,122.7,138.1,101.5,1.0211772722927763,1.9292359782711666,0.11311856631438603,0.00040959884580610246,0.00036075902431990557,0.0004346399690371326,0.0004027853253524473
571882,2024,"law, derek",1371,122.5,126.5,112.9,0.7022621604042851,0.9241257604310015,0.4803985603775688,0.0002458577697798325,9.384438203642771e-05,0.000454219448941943,0.0008180206331317849
628452,2024,"iglesias, raisel",940,122.3,133.5,105.5,0.8322963596757178,1.4049500540695279,0.2596426652819077,0.0001463133849866247,0.000661183050529002,0.0002723126715218768,0.0010443556759134956
670280,2024,"bednar, david",1031,122.3,133.5,105.4,0.7934208784417052,1.340756696667843,0.24608506021556723,0.00020589837745646524,0.00047101200757852134,0.0004232198148800771,0.0006048855204956879
502624,2024,"anderson, chase",1022,122.2,116.5,122.7,0.7930201697487048,0.6420865135913605,0.9439538259060491,8.000936850496096e-05,0.0003153073113912973,0.0006535478203924798,0.0008536607428427345
445276,2024,"jansen, kenley",810,122.2,113.7,125.7,0.898426039503061,0.5962753890251559,1.200576689980966,0.00018392157479515562,2.785627376295367e-05,0.0009078268561068891,0.00047078297820202675
543037,2024,"cole, gerrit",1541,122.0,94.7,144.7,0.6549664885419739,-0.21653191575677241,1.5264648928407203,-4.190261854466633e-06,-5.032106053188689e-05,0.00095678287675008,0.0007508770644570631
642547,2024,"peralta, freddy",3070,121.1,101.7,136.0,0.5053933111667069,0.020535011957756782,0.9902516103756571,7.233237404897731e-05,-8.104929269631422e-05,0.0008270621523963072,0.00042754944517741224
622554,2024,"domínguez, seranthony",1064,120.8,130.2,106.2,0.7308367838479207,1.187901923817019,0.2737716438788224,-1.5935550893458078e-05,0.0009171774232944764,0.0002089484922444331,0.0012396799735976247
607625,2024,"lugo, seth",3116,120.3,89.5,147.1,0.4852777847918868,-0.3171527671776394,1.287708336761413,-2.3864357172219495e-05,-6.892935342365666e-05,0.000820923132458536,0.0008253731565483524
647336,2024,"soroka, michael",1447,119.8,104.6,130.6,0.6035820344336958,0.12831934390387975,1.078844724963512,1.772957012943504e-06,0.0001653754409507586,0.0007058643295045301,0.0008799380271395045
669194,2024,"nelson, ryne",2413,119.4,89.5,145.4,0.4945319333204886,-0.33916963290372276,1.3282334995447,-7.481379632515961e-05,4.2290032665194703e-05,0.0006770211623341849,0.0012797583265478397
668964,2024,"myers, tobias",2153,119.2,109.5,124.6,0.5090925794316243,0.2629635926234615,0.7552215662397872,4.935040486449224e-05,0.0001377502114420793,0.0005404723219032575,0.0009284397022975977
573009,2024,"mantiply, joe",897,119.0,132.9,100.3,0.727207597476144,1.4119164078321802,0.04249878712010788,0.0002732508234805735,0.00035208752477677353,0.00030615888262307993,0.0006718041315502536
666745,2024,"brito, jhony",634,119.0,126.8,106.5,0.8853997800769822,1.391327620681757,0.3794719394722072,0.00014244381749937466,0.0006616446864394297,0.0005182620489551823,0.0005097248255373692
519151,2024,"pressly, ryan",969,118.7,124.8,107.9,0.6846735485795562,1.0135835323988118,0.35576356476030063,0.00016946473877441,0.00034244189325262,0.0004874095844793117,0.0005656866943405473
641656,2024,"hamilton, ian",620,118.5,120.9,111.5,0.8713521178531161,1.092217958213085,0.650486277493147,0.00012322125979218033,0.0005092865700522677,0.00036728654761537945,0.0012788502351028753
657612,2024,"hill, tim",993,118.0,128.9,102.5,0.6516532709466485,1.171673912935004,0.13163262895829286,0.00022462827344489178,0.00031173329781581543,0.0005766231788786569,2.9319083332631606e-05
668881,2024,"greene, hunter",2563,118.0,103.8,128.2,0.45151009155749344,0.08293123325694685,0.82008894985804,6.427392241787079e-05,-1.9436995262741363e-05,0.0004703141327340972,0.0012076976274282445
672335,2024,"pérez, cionel",865,117.9,121.9,109.6,0.6983739008494529,0.9430182751008456,0.45372952659806043,6.692321598380507e-05,0.0005487402479201445,0.0005641737106976694,0.00047632622200644465
676130,2024,"buttó, josé",1223,117.8,116.4,115.0,0.5842669596204109,0.5857569395866976,0.582776979654124,4.7840601523734566e-05,0.00035717825042977196,0.0004736645020867547,0.000894640853019141
666277,2024,"soriano, george",520,117.6,120.9,110.0,0.9273533577516555,1.2193026271590437,0.6354040883442673,0.0003172124199773953,0.00011471992839897912,0.0006062446649140084,0.0005911310362192206
687330,2024,"kelly, kevin",1035,117.6,128.1,102.7,0.6254802986233895,1.115338101026749,0.13562249622003,0.00011496463895386975,0.0005451437057079977,0.0003107828103554794,0.000778039185413976
669467,2024,"pallante, andre",1981,117.5,114.8,116.1,0.4751653860979168,0.43554687371014494,0.5147838984856886,8.673734017258094e-08,0.0003748381708184607,0.0005128149077152071,0.0006981186434668907
664776,2024,"cousins, jake",649,117.3,125.2,105.1,0.793823708555825,1.2868595643318872,0.3007878527797627,0.00012531864218201017,0.0006341654711358031,0.0003439579203333926,0.0008966010281847184
621237,2024,"alvarado, josé",1057,117.2,119.1,111.0,0.6027840582822701,0.7406647412801721,0.46490337528436815,0.0001301915718758492,0.000257143964090697,0.0004568017921079624,0.000790968260644018
571948,2024,"milner, hoby",1053,117.1,122.0,108.0,0.6010677160856741,0.857817219833708,0.34431821233764015,-1.718804860820572e-05,0.0006997047339215541,0.00033411939259776665,0.0009798268032715615
664849,2024,"young, danny",700,117.0,124.0,105.8,0.7466387927134076,1.1699583562838523,0.32331922914296296,0.00015923748860976585,0.00047221297495371196,0.00036927834548872504,0.0008546073076537979
661403,2024,"clase, emmanuel",988,116.8,130.2,99.1,0.6110601940537599,1.23075955764455,-0.008639169537030256,0.0002587528834821732,0.0002668697678259507,0.0005297729156611239,-1.913436720532079e-05
608638,2024,"chargois, j. t.",530,116.8,119.6,110.0,0.8773518263809161,1.1267402429942344,0.627963409767598,4.830415520866041e-05,0.0007175271706126004,0.0003807698788713899,0.001212312153070597
675627,2024,"grove, michael",827,116.6,117.8,111.3,0.6614982642886728,0.7803102375987438,0.5426862909786017,3.500637972229154e-05,0.0005189045062894088,0.00041955972027858603,0.0009946803626543967
663574,2024,"santillan, tony",505,116.6,121.4,107.7,0.8921751528643938,1.276002783871404,0.5083475218573833,0.0003553083617025144,5.844645416554414e-05,0.0006299522031121718,0.000362223167119835
656605,2024,"keller, mitch",2852,116.4,92.4,137.0,0.3986640594439799,-0.24054909283900275,1.0378772117269626,-7.053159550171386e-05,9.760574269772553e-05,0.0005933871400349287,0.0011421360132909874
594902,2024,"lively, ben",2409,116.3,108.4,120.5,0.4152967934854922,0.21943809444716933,0.6111554925238151,4.082781134102545e-05,0.00012973094543143433,0.0005789482117349005,0.0006364546408092126
689225,2024,"brieske, beau",1161,116.2,123.0,105.4,0.545578107267946,0.8576947796265635,0.23346143490932852,0.00012767695172168978,0.00034156089388818285,0.0005128862210541513,0.00033791445661106946
605513,2024,"turnbull, spencer",920,116.0,99.4,129.2,0.6020882515707288,-0.0671694067466354,1.2713459098880928,-4.859554796648967e-06,5.1139917200020455e-05,0.00080173322051009,0.0008581128000767838
621244,2024,"berríos, josé",2920,115.9,105.0,123.2,0.3843957004967854,0.11473072653059314,0.6540606744629777,1.1218123577268767e-05,0.0001329497185155414,0.0005895262130936481,0.0006617708357286353
605400,2024,"nola, aaron",3193,115.9,89.2,139.5,0.37661994694803,-0.3223803721536207,1.0756202660496808,-6.784852942283705e-05,3.6292904037757046e-05,0.0005650684694011999,0.0012696488968483072
676254,2024,"walker, ryan",1225,115.7,118.5,109.0,0.5132921731775938,0.6667602480491743,0.35982409830601325,0.00016542941954356946,0.00012066247082113637,0.0004599050541075105,0.0006478191625286845
680573,2024,"woods richardson, simeon",2298,115.7,105.2,122.8,0.4070625213451841,0.12687938660021722,0.687245656090151,8.11137314296912e-05,-3.169291924406301e-05,0.0007740133752762915,0.00018818582089907972
592767,2024,"smyly, drew",1029,115.6,124.5,102.7,0.5540350615996517,0.9711876964315247,0.1368824267677785,0.0002520016106936321,0.00011010630853961983,0.0006269812953344694,-0.00010482561059265607
656234,2024,"bird, jake",688,115.6,123.3,103.9,0.688294313177208,1.1456882360590332,0.23090039029538287,6.924804241934119e-05,0.0006784216665720332,0.0002921291406849522,0.0009521435113195479
542888,2024,"armstrong, shawn",1111,115.5,133.1,93.6,0.5296151122965527,1.2790522066315333,-0.21982198203842793,0.0002835513216077017,0.00023784561351049304,0.00039232674718059937,9.508506629973701e-05
689147,2024,"kerkering, orion",1087,115.5,121.9,105.2,0.5355507000664042,0.8396979857091877,0.23140341442362056,0.00012059566700983948,0.00034703788791657964,0.00035493753035732695,0.0007770982642131903
641712,2024,"hudson, dakota",1512,115.2,104.0,123.1,0.45608284120388826,0.10522580452121588,0.8069398778865606,-5.406592863991995e-05,0.0002879605924963513,0.0003641561961242153,0.0014878181638289648
621107,2024,"eflin, zach",2447,115.0,94.0,132.9,0.3798984058593253,-0.20527747874125718,0.9650742904599079,-1.460182006273893e-06,-4.954856849383472e-05,0.0006369470117677247,0.0009271244615837569
642397,2024,"soto, gregory",971,115.0,122.9,103.2,0.5480058795726518,0.93229335784305,0.16371840130225349,9.071683634896365e-05,0.00048276310671224195,0.00032247209190109906,0.0007812956443041011
434378,2024,"verlander, justin",1580,114.9,103.4,123.1,0.4386553265298553,0.08404273018901148,0.793267922870699,4.602131516265941e-05,2.6420595598868376e-05,0.0007990574100193346,0.00025380743502141054
579328,2024,"kikuchi, yusei",2926,114.8,88.8,138.0,0.35879180905904307,-0.3417336775899186,1.0593172957080048,-5.862065545599046e-05,5.521952324187837e-07,0.0006788085285397017,0.0009306300898644211
542881,2024,"anderson, tyler",2921,114.7,118.6,107.3,0.3562851734825343,0.4945603192151441,0.21801002774992445,4.943536149180873e-05,0.00029229728421085847,0.0003925750087700819,0.0006546785676221989
657514,2024,"bernardino, brennan",883,114.6,111.6,114.2,0.5595734193210737,0.47348707236423215,0.6456597662779152,0.00011709085961294682,0.00011099204313918137,0.0006224551683885342,0.0005589107298964124
663776,2024,"sandoval, patrick",1455,114.6,92.1,134.2,0.4447104517077157,-0.3110778854754983,1.2004987888909298,-2.8820396213028314e-05,-5.262019482414628e-05,0.00045280756622827233,0.0017434729035990808
684320,2024,"rodríguez, yariel",1502,114.4,108.4,117.1,0.43274147197571955,0.2611346689955753,0.6043482749558639,3.184077205071272e-05,0.00017980655505523666,0.0004075807439546885,0.0011070962505469887
458681,2024,"lynn, lance",2040,113.7,107.0,117.4,0.36863282751949794,0.18705403202633386,0.550211623012662,2.152392749702259e-05,0.00015580464121993842,0.0007351146886754145,0.00012163337790355526
624133,2024,"suarez, ranger",2359,113.6,100.4,123.8,0.3481137352118005,-0.015485223593765376,0.7117126940173664,3.566177641521315e-05,-1.4480141780692403e-05,0.0005757905917478919,0.0007739689488975793
679885,2024,"martinez, justin",1201,113.4,112.5,111.1,0.4418649853718012,0.4427299436196021,0.4410000271240003,4.3244191096965944e-05,0.00027296598541766594,0.0004056908822571137,0.0009033479777970743
656464,2024,"ginkel, kevin",1185,113.3,121.4,101.8,0.44184322190968295,0.7881088796747383,0.09557756414462765,0.0002606301646188077,-3.355736835597861e-05,0.0005458622254407848,6.922507634101871e-05
613534,2024,"adams, austin",813,113.3,120.5,102.7,0.5347100211388179,0.9132260494680684,0.15619399280956747,0.00012261695335278775,0.0003911746480184391,0.0003149786941299953,0.000792627447629236
605135,2024,"bassitt, chris",2976,113.3,104.5,119.2,0.32066614365132273,0.09916607247345219,0.5421662148291932,-1.0753980994999126e-06,0.0001529349691313511,0.0005449255215941663,0.000643338947904113
608371,2024,"sims, lucas",885,113.2,117.8,105.4,0.5076197015629516,0.7491398605539483,0.26609954257195473,0.0001005665728493317,0.0003360311367101581,0.0004966198952099097,0.0004251815315134228
595014,2024,"treinen, blake",737,113.2,116.1,107.1,0.561459932105969,0.7479752984562771,0.37494456575566093,5.493311587372977e-05,0.00044804491979279107,0.0003397457552252248,0.001003280769544878
675540,2024,"curry, xzavion",642,113.1,117.5,105.5,0.6030786283285541,0.8829407518470832,0.32321650481002484,9.69373652387834e-05,0.00043440956896734456,0.0003141455222559352,0.0010086945558745294
671106,2024,"allen, logan",1665,112.6,105.3,117.1,0.36248492372859376,0.14522648739422478,0.5797433600629627,-7.312512026163307e-06,0.00019912959927951968,0.0006138990826067263,0.0004984916245820445
622786,2024,"tinoco, jesús",648,111.9,112.2,108.7,0.5449038019642594,0.5996586443387237,0.49014895958979493,0.00016645392434316817,7.329172064971459e-05,0.000463356485816582,0.0008049397790746799
643511,2024,"rogers, tyler",1010,111.8,122.1,98.4,0.42218858681487936,0.8804946319673679,-0.03611745833760914,0.00013299327700343539,0.0003436558295862357,0.0003642275226509717,0.00040876910968842183
656412,2024,"faedo, alex",1007,111.7,110.8,109.8,0.418819042288894,0.4090615680038026,0.4285765165739853,0.00011993406347120118,6.0914241794912434e-05,0.00049532487662429,0.0006367236611644762
676395,2024,"garcia, robert",950,111.5,103.7,116.8,0.42494117119166497,0.11766675919929603,0.7322155831840339,0.00011674434696365989,-0.00012591695717459136,0.0007377659272013443,0.0003471253843326597
687765,2024,"spence, mitch",2482,111.3,97.4,122.9,0.28519117368242686,-0.10519786897997836,0.6755802163448321,-4.469275190329684e-06,2.4763969142686763e-05,0.0003542434217220047,0.001347447131723771
680736,2024,"wrobleski, justin",593,111.3,100.6,119.6,0.5474087404693843,-0.017551364434375466,1.112368845373144,-2.226896981362728e-05,0.00012732633242621685,0.0007687935145567054,0.0007468115572355261
657097,2024,"webb, jacob",938,111.1,121.7,97.5,0.4109328836570411,0.897615913188118,-0.07575014587403575,0.00017740347572318683,0.00024532813125144857,0.00046316879035643077,8.129105968236646e-05
693312,2024,"nicolas, kyle",954,111.0,117.6,101.6,0.4046215567651821,0.7126296643711595,0.09661344915920471,0.00020118336524501762,6.294040153328502e-05,0.00046360936562743065,0.0003006301300601854
658648,2024,"avila, pedro",1427,110.9,119.0,99.9,0.3326533817716979,0.6429217445843336,0.022385018959062225,0.00010363552372334695,0.0002574687899189002,0.0004019428692180402,0.00037813580322201807
657044,2024,"thompson, ryan",985,110.8,120.8,97.9,0.3905841049261919,0.8385347241819503,-0.05736651432956649,3.791154221869801e-05,0.0005506304716041469,0.0003347009883306836,0.0004641692167871835
663542,2024,"hudson, bryan",929,110.6,106.3,112.5,0.3944316205768067,0.23041482511812977,0.5584484160354836,2.1155037945897136e-05,0.00018569087809361864,0.00043484345296011394,0.0009720989682231542
663423,2024,"thornton, trent",1144,110.5,116.8,101.5,0.35254188786590784,0.6212068309446612,0.08387694478715449,5.988157091751101e-05,0.000351104901805723,0.0003185054029893912,0.0006902192744145217
664854,2024,"helsley, ryan",947,110.2,117.0,100.8,0.3768332735106424,0.6911089767046772,0.06255757031660758,0.00010932414738015135,0.00027560781732781175,0.00025152208188346286,0.0008503043148013319
681676,2024,"fernandez, ryan",1213,110.0,116.2,101.1,0.32552787531711225,0.5828187487213852,0.06823700191283935,0.00031131193152802864,-0.000296005736063782,0.00045844094674447276,0.0002787743695707844
665795,2024,"cabrera, edward",1734,110.0,95.4,122.6,0.28296276128551234,-0.18420049492087226,0.750126017491897,2.8428425624090283e-05,-0.00010934005916244576,0.0007740137355150877,0.00026865199611079846
663568,2024,"kolek, stephen",799,109.9,115.3,102.1,0.40132203828931856,0.6736291851856695,0.12901489139296762,-1.4952759454364847e-05,0.0005711020551826169,0.00019927858912323,0.0010814854932801401
669062,2024,"miller, erik",1271,109.9,113.1,104.1,0.3155656220140765,0.4553427741505339,0.1757884698776191,0.00029785964138595794,-0.000347937502362452,0.0006896503212761877,-0.00023033718123977666
641835,2024,"mayza, tim",740,109.7,108.0,109.1,0.4083486158870271,0.3458837396911058,0.4708134920829484,1.867676838264547e-05,0.00026897478961229553,0.0004335008690110873,0.0008637091970487853
656427,2024,"flaherty, jack",2646,109.6,93.0,124.3,0.23744667791281235,-0.22770382466228295,0.7025971804879076,-2.177468908930961e-05,-1.4322997208024378e-05,0.000589273893807507,0.0007245881657951527
656550,2024,"holmes, grant",1029,109.6,102.9,114.3,0.34075122857269824,0.07847456644066708,0.6030278907047294,-8.394039907666486e-05,0.00034392550253357804,0.0005115846656869253,0.0008144845948280082
677053,2024,"nardi, andrew",910,109.5,113.1,103.5,0.3557507501274977,0.5321126019578084,0.1793888982971869,0.0001234399639751359,0.00013447362040155546,0.0003827336799956507,0.0006327839829151375
657508,2024,"baumann, mike",1069,109.3,122.2,93.7,0.32097263283564914,0.8612870937489554,-0.21934182807765717,0.00011566034736429981,0.00037366271699215394,0.0003656100635973736,0.00017043198741600903
608344,2024,"irvin, cole",1772,109.3,94.8,122.0,0.26129506226634935,-0.2027785570275734,0.7253686815602721,1.079825175909919e-06,-5.4156866235953425e-05,0.0006192450155166825,0.0006698927026389434
663567,2024,"lambert, peter",1044,109.3,118.1,98.0,0.3244621019818016,0.7006217921278383,-0.05169758816423514,2.44620170920128e-05,0.0004917177100627506,0.00022849528310229484,0.0007685045207131882
701581,2024,"festa, david",1099,109.2,94.7,122.0,0.31625088157014636,-0.25136428380460524,0.883866046944898,1.0206398439412768e-06,-8.647642657225808e-05,0.0006322285570595521,0.0008364018873390795
592866,2024,"williams, trevor",1064,109.2,99.4,117.1,0.3213605592290507,-0.06194818825934645,0.7046693067174479,-8.617366492970722e-05,0.00025561246651670374,0.00044852971080353374,0.001120932454532107
623211,2024,"brazobán, huascar",903,109.1,111.9,104.1,0.3443535305789799,0.48190329237185436,0.20680376878610546,0.0001877331852185726,-5.7990335736451795e-05,0.000500238506585874,0.00033917944237356063
663158,2024,"suarez, robert",981,109.1,118.9,96.9,0.3299586825186898,0.7592404698546923,-0.09932310481731266,0.000266843890736077,-6.820618682696773e-05,0.0006595134732820125,-0.0004980944641726049
519008,2024,"mcfarland, t. j.",857,109.0,111.3,104.5,0.34896331020804827,0.4671797203490822,0.23074690006701443,0.00010117957133765209,0.00014610520171052355,0.00042312712198700993,0.0005855167584289659
519293,2024,"smith, will",681,109.0,116.7,99.0,0.39968814792673923,0.8118920884716155,-0.012515792618137088,0.00015442319373180363,0.00024484618044648686,0.00041046181926858183,0.00030964429945998836
688297,2024,"roycroft, chris",596,108.6,116.8,98.1,0.4103013203209755,0.886587381796875,-0.06598474115492407,0.0001234388268411687,0.0003713427954247302,0.0002991724796268624,0.0005525216822629586
592662,2024,"ray, robbie",568,108.6,96.6,118.9,0.4271474182782979,-0.25077263314459,1.1050674697011857,-2.9009609638752765e-05,-1.1855472838132588e-05,0.000674203187157392,0.0010020581527612974
608723,2024,"voth, austin",976,108.6,116.2,98.7,0.31069019691235944,0.6476835204414845,-0.026303126616765614,0.00013897676131020804,0.0001732979511370676,0.0004138113654192159,0.00028263140539508223
573204,2024,"thielbar, caleb",895,108.5,111.7,103.2,0.32186740882674825,0.4748644091876872,0.16887040846580936,7.77211038715901e-05,0.00020922241253957003,0.00042138919844124313,0.0005111955713381778
656232,2024,"bielak, brandon",510,108.4,114.2,100.4,0.4448287476766176,0.8232365817964862,0.06642091355674903,3.170115741529227e-05,0.0005557581541679847,0.0003525579137695819,0.0005726286118246233
669358,2024,"baz, shane",1207,108.4,97.9,117.2,0.2755692855560556,-0.11680494208928896,0.6679435132014001,-3.5271118359468875e-05,9.314066214596819e-05,0.0006131674188691968,0.0006134068418642427
608717,2024,"stratton, chris",999,108.3,118.7,95.6,0.2968580244134712,0.7442688653256618,-0.1505528164987194,4.716916711229783e-05,0.00046475832451370086,0.0002555809114091383,0.0005662362729100742
650893,2024,"cabrera, génesis",1047,108.1,116.4,97.6,0.2827086556282562,0.6323019190008393,-0.06688460774432697,0.00036373739789470144,-0.0003925199363534454,0.0005608554686631473,-0.00018061507590589343
592094,2024,"adam, jason",1121,108.1,115.5,98.6,0.27413173417390474,0.5761595549967357,-0.027896086648926177,1.808711109761141e-05,0.0004243066454129867,0.00022340714633905381,0.0008131956376170284
607200,2024,"fedde, erick",2895,108.1,94.8,119.9,0.19543579638178393,-0.1733691153811688,0.5642407081447367,-3.6173139727837286e-05,5.7572994866516375e-05,0.00044792338039971593,0.0009429238386787418
672578,2024,"hernández, carlos",560,108.0,107.3,106.8,0.3986199403514943,0.37019862787991265,0.4270412528230759,0.00012486561439515402,2.2756045441784955e-05,0.0006204752900925103,0.0002846856114660718
573124,2024,"rogers, taylor",1082,108.0,115.5,98.3,0.27441393004145254,0.5874495478803258,-0.038621687797420645,2.0040794744055347e-05,0.00042702191073063617,0.00018255387700741625,0.0009137458569399658
605483,2024,"snell, blake",1774,107.9,95.7,118.5,0.2205313297748237,-0.17026767727310432,0.6113303368227517,4.1724415755643836e-05,-0.00013289352770260205,0.0005989593115190314,0.0005807029137838511
670990,2024,"ramírez, yohan",774,107.8,116.2,97.4,0.32019365031112595,0.7298661039807429,-0.08947880335849101,0.00016883895858708483,0.0001544035893839028,0.00041170450841903527,0.00020767965641986833
623352,2024,"hader, josh",1168,107.5,105.7,107.6,0.24905578687658503,0.18330879751003304,0.314802776243137,0.00022781011227810216,-0.00035657441778674234,0.0006174368314563794,0.00014955472978725391
548389,2024,"stripling, ross",1367,107.4,100.8,112.3,0.22838412024971563,-0.0036809672287819173,0.4604492077282132,2.306962609248603e-05,2.4531621252757394e-05,0.0006440301312769687,0.0002615492363715925
622663,2024,"severino, luis",2892,107.2,97.5,115.5,0.1730039522073467,-0.09728963036140524,0.4432975347760987,2.8632247472509376e-05,-5.1768456114343475e-05,0.0005018800161143063,0.0006372257819152344
693821,2024,"elder, bryce",864,107.2,98.6,114.3,0.2778690727567253,-0.10533131160896983,0.6610694571224204,-6.299770910781154e-05,0.00016933920810146297,0.0004950119690447238,0.0009351171332949705
690986,2024,"harrison, kyle",2078,107.2,97.5,115.5,0.1902637153688206,-0.10744828813729741,0.4879757188749386,-2.517534268234757e-05,7.443927191849775e-05,0.0005330313871416873,0.0006072625984405067
493603,2024,"ottavino, adam",1007,106.9,110.9,101.2,0.2454345290653422,0.41445928731086545,0.07640977081981892,0.00016729732185550298,-5.25464108215894e-05,0.0004161024271785149,0.00040766316140390847
666974,2024,"cano, yennier",1012,106.7,111.9,99.7,0.23614950796548995,0.45620882114811057,0.016090194782869355,0.00011167916741767576,0.00011282245757844098,0.00044556341680396943,0.00024806407691686794
593958,2024,"rodríguez, eduardo",871,106.7,97.1,115.0,0.25558983931361845,-0.17491643524544134,0.6860961138726782,-2.626279118557309e-05,3.20436942617803e-05,0.0005876128767552798,0.0007081181970289755
571578,2024,"corbin, patrick",2889,106.5,93.1,118.8,0.1563888398665683,-0.22105953304621678,0.5338372127793534,-4.833763316255711e-05,5.577231938630025e-05,0.00046952130139485214,0.0008436027170413138
678394,2024,"bello, brayan",2713,106.4,88.9,122.8,0.15561842514042168,-0.3451480217674263,0.6563848720482697,-7.911049378758082e-06,-0.00012706798438790555,0.0005738128478053012,0.0007086988400973806
671345,2024,"foley, jason",914,106.2,114.5,96.2,0.2299702018375699,0.5918660650089378,-0.13192566133379802,0.00037825172565732375,-0.0004554148785053762,0.0005730178604191064,-0.0002978681688912491
676440,2024,"bibee, tanner",2853,106.0,80.7,130.4,0.1428319678557321,-0.5716683509597354,0.8573322866711997,-0.00011058527732268637,-2.465358117153189e-05,0.0005393462129816121,0.0010622594425541176
641941,2024,"pagán, emilio",594,105.9,108.5,101.8,0.27983584489563373,0.4226772300002205,0.13699445979104696,0.00017485045666419194,-6.572407677778192e-05,0.0005854523925437,1.1483284858150668e-05
607536,2024,"freeland, kyle",1769,105.8,109.4,100.7,0.16039835571276229,0.27564613529476034,0.04515057613076423,4.3261548880505125e-05,0.000161274704243136,0.0006380717574927876,-0.0002532361461398342
669432,2024,"rogers, trevor",2248,105.8,89.4,121.3,0.14881366276637098,-0.34961030399519744,0.6472376295279394,-0.00012091522963647775,0.00014926204895561606,0.0006762087066844012,0.00041056936291198075
686563,2024,"cannon, jonathan",2029,105.3,89.9,119.8,0.13915600407726061,-0.3453496555210314,0.6236616636755526,2.1402875428136726e-05,-0.00019965778612015286,0.0005845654253924431,0.0006367460365618351
518876,2024,"kelly, merrill",1143,105.3,83.2,126.8,0.1772992813726031,-0.6949993797076184,1.0495979424528246,-0.00011380228226847923,-9.911411884838586e-05,0.0005547174527654408,0.0012653025502815344
663372,2024,"feltner, ryan",2580,105.1,91.2,118.2,0.12623169479468488,-0.2826645451638795,0.5351279347532493,-6.298259915960252e-05,5.080463431298063e-05,0.0005303300428764687,0.0006751589350082331
669387,2024,"mlodzinski, carmen",871,105.1,105.4,103.6,0.1944323705035046,0.1993303839729481,0.1895343570340611,5.569299858901415e-05,7.955241355377125e-05,0.00036758917748257587,0.0006881295187039831
676974,2024,"meyer, max",968,104.9,96.4,112.4,0.17431836580477778,-0.19261669584137642,0.541253427450932,-1.7445583218931516e-05,-1.5773796346588137e-06,0.0005848420459300511,0.0005305155167247364
676282,2024,"cantillo, joey",711,104.7,95.9,112.6,0.1976049011668948,-0.2565216592786284,0.651731461612418,-3.4626221402476624e-05,-1.8145261879681588e-06,0.00047137891181631825,0.0009892743107996682
696136,2024,"wicks, jordan",852,104.6,93.5,115.0,0.17799746493191632,-0.33847659157598586,0.6944715214398185,-0.00010384581909315941,0.00011451142597837047,0.0005682001842973712,0.0007731376927912729
694738,2024,"roupp, landen",907,104.6,105.6,102.4,0.16867011292393252,0.20235627997231137,0.13498394587555368,-4.835158110081231e-05,0.0003387407856542631,0.0002755795223109474,0.0008756934252495718
669373,2024,"skubal, tarik",2868,104.2,100.4,107.0,0.09835960471765844,-0.015204824763713105,0.21192403419902997,-7.245324154563184e-06,9.176046983227289e-05,0.0003989853174098612,0.0006289593492435184
606160,2024,"montero, rafael",683,104.0,111.1,95.8,0.17417648445452236,0.5241852865496194,-0.17583231764057466,5.375586982190674e-05,0.00030141423864013067,0.00024347046249797048,0.0005677620279047635
702352,2024,"bivens, spencer",770,104.0,110.3,96.6,0.16156198526620374,0.4476379923041458,-0.12451402177173831,-0.00013543999650173668,0.0007178983531860787,0.00020140030420104683,0.0007511129251233089
660853,2024,"de los santos, enyel",1138,104.0,112.4,94.4,0.13230181368479824,0.4515945814803007,-0.1869909541107042,0.00015811879548628958,-5.045432467684165e-06,0.00035787318220742453,0.00023347275003779067
677161,2024,"kelly, zack",969,103.9,104.9,102.1,0.14057445782755157,0.1667334933825218,0.11441542227258131,0.0001541250402549944,-0.0001855233447503879,0.0003941978199074993,0.0005175705329401811
664299,2024,"javier, cristian",571,103.8,99.3,107.6,0.1839711598275522,-0.0964218346436108,0.4643641542987152,2.7528287796064718e-05,-4.845992850127108e-05,0.0005850105826564895,0.00043164987667665145
669211,2024,"akin, keegan",1246,103.8,108.1,98.4,0.11947945689193655,0.26986647586523493,-0.030907562081361833,-1.888757759444629e-05,0.00031102628637342996,0.000261534854763422,0.0007026902563876145
663704,2024,"mcarthur, james",910,103.8,115.8,90.6,0.1412255404946157,0.6536455407408248,-0.37119445975159343,-3.776941337540161e-05,0.0006141444256780459,2.2644292087399073e-05,0.0009354592790542759
570632,2024,"ureña, josé",1769,103.8,96.6,110.3,0.10417576057829955,-0.14396203299329352,0.3523135541498926,8.720675710619702e-05,-0.0002277340800170432,0.0006170574599810391,0.00019861797167311472
661563,2024,"gil, luis",2666,103.7,86.6,120.4,0.08943731000013011,-0.4124802215506721,0.5913548415509323,-5.1782138640225324e-05,-6.36246304374976e-05,0.0003685335455674468,0.0011996923743714206
605347,2024,"lópez, jorge",806,103.7,106.4,100.0,0.14475225309804787,0.2571353485362441,0.032369157659851655,0.00012443994629908998,-5.174273103420884e-05,0.00036629638813354695,0.0004906234694215775
605397,2024,"musgrove, joe",1582,103.2,98.6,107.1,0.08974611245606624,-0.07876641829445055,0.25825864320658304,-6.383945667114775e-05,0.0001891708859970237,0.0003767190190051022,0.0007505369098450819
680570,2024,"rodriguez, grayson",1879,103.1,89.3,116.6,0.08268231108928509,-0.37427320045061896,0.5396378226291891,-0.00011546501214682922,0.00011931058952309849,0.0004383123738032075,0.0009383239568265757
674072,2024,"henry, tommy",706,103.1,88.5,117.4,0.13004044540891418,-0.629736769443726,0.8898176602615544,-0.00011229061169132408,-5.924086757532773e-05,0.0005543867436336759,0.0010617588622360411
593974,2024,"peralta, wandy",616,103.0,106.6,98.6,0.137285712351229,0.31062172364561613,-0.036050298943158116,4.8535174564895025e-05,0.00017161122406557616,0.00039621424388351504,0.0003193811172163625
670970,2024,"morejón, adrián",1069,102.9,108.4,96.4,0.0952758233993773,0.30264936278435045,-0.11209771598559584,5.669183297212126e-06,0.0002722355849590023,0.0002274694361804926,0.0006940807813571153
670124,2024,"oller, adam",711,102.9,91.6,113.9,0.1221065763241106,-0.4722912488475741,0.7165044014957953,-0.00012136917200491886,6.840646237006703e-05,0.0005021725049734895,0.0009860269095096092
628317,2024,"maeda, kenta",1960,102.8,95.1,110.0,0.0717743948265322,-0.18463092080928145,0.32817971046234584,-3.235309818699445e-06,-3.136459694138031e-05,0.000339015823164292,0.0009454781722540553
656271,2024,"burke, brock",581,102.8,112.2,92.5,0.13229432086819126,0.6423844887676607,-0.3777958470312782,4.6152979996386614e-05,0.00039918907268753415,0.00015743855978484232,0.0005499621830684621
677944,2024,"cecconi, slade",1298,102.8,76.0,129.6,0.08384723785300524,-0.9243645827144767,1.0920590584204872,-0.00013468837120196686,-0.00020075600365857704,0.000495222942141603,0.0014860587973865717
606965,2024,"devenski, chris",534,102.8,100.0,105.1,0.1410439390445071,-0.05630337212489221,0.3383912502139064,-4.2495291510049016e-05,0.00015142483827173015,0.00036871281065626097,0.0008754767035581931
656557,2024,"houck, tanner",2740,102.7,90.4,114.7,0.06374713233835089,-0.3000853187351267,0.4275795834118285,-7.015078493684305e-07,-0.00011477606731996604,0.00041884141950552486,0.0008493890481701602
680704,2024,"sandlin, nick",1010,102.7,118.6,85.8,0.0929729356284314,0.7334592538363964,-0.5475133825795336,0.00011060968280794293,0.0003007295763235524,0.00030817943642946386,-8.887872509318555e-05
676702,2024,"stratton, hunter",587,102.5,104.3,100.1,0.11696177419974922,0.19150863087337133,0.04241491752612711,-0.00017234422555039973,0.0006379641294832628,0.00027230871780028354,0.0007663832041547821
678368,2024,"bellozo, valente",1098,102.4,82.1,122.7,0.07896870683887863,-0.7548792177928282,0.9128166314705854,-0.00015134084163473296,-4.634304327392046e-05,0.0007458439842502259,0.0005556420906751594
596133,2024,"weaver, luke",1374,102.4,108.4,95.7,0.07115472872060083,0.2677186048921365,-0.12540914745093484,3.0100988978579772e-05,0.00018850627057788476,0.0002983483048870089,0.00047878243937963356
681867,2024,"criswell, cooper",1757,102.3,95.4,108.9,0.062419471230884635,-0.18268552237350308,0.30752446483527235,-7.683052612360607e-05,0.00015184024368973805,0.00030238259312965283,0.0010215171708504304
518585,2024,"cruz, fernando",1147,102.2,111.8,91.8,0.07101799054490299,0.42662645022583423,-0.28459046913602826,2.7447566421598857e-05,0.0003012497743712857,0.00022485352595010957,0.0004806613221269939
681892,2024,"funderburk, kody",653,101.7,105.0,98.0,0.07353932324130505,0.21499080275014426,-0.06791215626753416,-3.672004003958477e-05,0.00031843378294559195,0.00029696501504692584,0.0005562299609148824
642048,2024,"saucedo, tayler",633,101.6,95.1,107.9,0.06730249773815741,-0.31634350316526144,0.45094849864157627,8.027633137570074e-05,-0.0003257925549996162,0.0006341372174865483,0.00027706397059435594
502043,2024,"gibson, kyle",2765,101.4,87.3,115.6,0.031176404473331643,-0.38938577003547953,0.4517385789821428,-6.545738516356655e-05,-1.439147490881619e-05,0.0005491994136782544,0.0005156648535850214
668338,2024,"miller, tyson",934,101.3,98.0,104.4,0.04407315806041144,-0.1289524824753708,0.2170987985961937,6.9183508803844185e-06,-1.9256019513714937e-05,0.00042718560083011825,0.0005566989968510488
624522,2024,"thompson, keegan",538,101.0,103.7,98.0,0.04298573845051416,0.16147270615772855,-0.07550122925670022,-5.827308364159305e-05,0.0003359445762913121,0.00018497327502023776,0.0008597839946226928
592791,2024,"taillon, jameson",2483,101.0,93.5,108.5,0.022686563001839757,-0.21859247863492307,0.2639656046386026,-1.999558136889451e-05,-1.2632044186947973e-05,0.0005175073591692253,0.00036402390134238755
663947,2024,"holton, tyler",1344,101.0,107.2,94.5,0.027907804930626348,0.22781593916163492,-0.17200032930038223,7.702184119464656e-06,0.00021720560088296222,0.0003315246162374226,0.0003263588260881233
669461,2024,"liberatore, matthew",1370,100.9,92.4,109.5,0.024250650394628842,-0.31080794692552277,0.35930924771478046,-9.17313934365243e-06,-0.00010100183364916201,0.0004486252134029456,0.0006787125247131993
676962,2024,"brown, ben",849,100.7,96.5,105.0,0.02368149938222852,-0.20403925398928424,0.2514022527537413,-5.371705852738595e-05,8.044186918222587e-05,0.00044709806353886725,0.0005448971189081287
671305,2024,"otañez, michel",602,100.6,101.3,99.8,0.024207182739348077,0.0205907320293357,0.027823633449360452,0.00012915361632471938,-0.00022145681107634284,0.0005254415951505559,3.96422704805738e-05
669203,2024,"burnes, corbin",2997,100.5,82.0,119.4,0.008053748914422787,-0.5290196520448595,0.545127149873705,-4.9337744571059375e-05,-0.00014754014989843217,0.0005209707191704854,0.0007141348998014091
663546,2024,"hjelle, sean",1217,100.4,97.9,102.8,0.0070538858959644235,-0.11497806398986085,0.1290858357817897,4.608668192586724e-05,-0.00010673021214814407,0.0005131567756114217,0.00020358955528958014
607179,2024,"weems, jordan",734,100.4,106.0,94.4,0.009061297173899252,0.2516276003411191,-0.23350500599332058,3.752130526934213e-05,0.0001594132197067376,0.00026495147414745234,0.0004338718950065472
543518,2024,"mcgough, scott",578,100.3,100.1,100.5,0.00999248113708738,-0.0485285756394781,0.06851353791365286,-1.9936006450129066e-06,5.651228962302838e-05,0.00032124159217432975,0.0006629051954560822
641729,2024,"jiménez, joe",1093,100.2,111.8,88.3,0.003524946712247401,0.43425310882671,-0.4272032154022152,0.00015054968387579528,2.075217964641756e-06,0.00032978643963989913,4.641067388161472e-06
679525,2024,"marsh, alec",2164,100.0,81.7,118.7,-0.004835166214998965,-0.5876187294709023,0.5779483970409044,-6.737353750216746e-05,-0.000142118127593154,0.0006309094455991575,0.00044861288531556183
547179,2024,"lorenzen, michael",2093,100.0,89.9,110.5,-0.003223629549654383,-0.3424675784174733,0.3360203193181645,-8.51924763198657e-05,6.573921287630128e-05,0.00043343743781622403,0.0006913935533169271
656756,2024,"montgomery, jordan",1941,99.8,91.7,108.2,-0.008754355267528241,-0.2922349463457184,0.2747262358106619,-4.3411860228506024e-05,-3.9633659021118696e-06,0.0004163357424435167,0.0006607935349252595
605177,2024,"chafin, andrew",979,99.7,104.7,94.6,-0.01702194628709404,0.1575316301092241,-0.19157552268341219,5.170867992083761e-05,6.146975990206863e-05,0.00036122991435465424,0.00021821641469932894
663436,2024,"martin, davis",892,99.7,92.4,107.3,-0.017382109894788056,-0.38099248973479183,0.3462282699452157,-4.7378269937888075e-05,-5.3468984961481215e-05,0.0005237548861096074,0.00045181865217805845
621053,2024,"ferguson, tyler",827,99.6,106.3,92.8,-0.02279689023724593,0.2454227359047419,-0.29101651637923376,-1.538996344745343e-05,0.0002860475101418737,0.00021292033521987995,0.0005058177671864082
681517,2024,"leahy, kyle",695,99.5,99.4,99.7,-0.029672805923927993,-0.0795302059341769,0.02018459408632091,-1.1223001359718552e-05,5.8608706738262136e-05,0.00038541759408144976,0.00042154479837751047
678495,2024,"rodríguez, randy",879,99.2,107.2,91.2,-0.03612469018247,0.2806667140523206,-0.3529160944172606,3.722272423164919e-05,0.00017955567405087897,0.00015930711900383163,0.0005765737062758249
621051,2024,"wilson, steven",643,99.2,104.6,94.0,-0.04234191637644749,0.19269703424390838,-0.27738086699680337,3.6598195416559946e-05,0.00012231641087809354,0.0002368881091128801,0.0004562239650405776
669711,2024,"weissert, greg",1045,99.2,99.4,99.2,-0.03294790955499058,-0.06421320404064357,-0.0016826150693375896,-7.004184412259942e-05,0.00021422600998626868,0.00024149757426814608,0.0007961377482566239
671212,2024,"boyle, joe",966,99.2,98.9,99.7,-0.035444960180817636,-0.08926971553471263,0.018379795173077362,-8.386525554954468e-05,0.0002316500523925029,0.0001631739481865647,0.0010408998635375562
657649,2024,"koenig, jared",1033,99.1,96.2,102.4,-0.03604598615536597,-0.19607219056041514,0.1239802182496832,-3.7973144040034576e-05,4.6851456222056995e-05,0.0004636349687580023,0.000335579411877093
621345,2024,"minter, a. j.",526,99.1,104.7,93.6,-0.0559598024359991,0.22611758537133536,-0.33803719024333356,-0.00011270328059567756,0.0005136762544819726,0.00012085473003474734,0.0007031738854463728
665152,2024,"kremer, dean",2171,98.9,98.9,99.1,-0.03390587117333274,-0.06173263273772117,-0.006079109608944311,6.083340019812894e-05,-0.0001076000485090513,0.0006386853160523137,-0.00032051036951675344
663559,2024,"falter, bailey",2140,98.9,95.0,103.1,-0.03463128226460644,-0.18265664545224197,0.11339408092302909,9.202584842268616e-05,-0.0002655018310327105,0.0004464278047413289,0.0003701647136213609
663992,2024,"lovelady, richard",532,98.8,99.1,98.8,-0.07090260269629084,-0.11418719970365526,-0.027618005688926417,-0.00010960184028753778,0.0002786127201821969,0.00020631176236295056,0.0008613710650837246
527048,2024,"pérez, martín",2208,98.8,98.8,99.2,-0.034433695565518715,-0.0653284574127024,-0.0035389337183350245,-9.02589205404848e-06,6.266798519758486e-05,0.0005336105563703069,-2.334239161914134e-05
595345,2024,"okert, steven",629,98.8,95.1,102.9,-0.061669399546848774,-0.31480685717043005,0.1914680580767325,-7.086435869052519e-05,4.880787029194715e-05,9.426563709252761e-05,0.0014551504587043778
672710,2024,"contreras, roansy",1103,98.7,106.3,91.2,-0.0497707128943804,0.21299344146423682,-0.3125348672529976,2.420988482020361e-05,0.00016649895090834748,0.00021977933934613718,0.0004590948607738256
608032,2024,"estévez, carlos",837,98.7,93.8,104.0,-0.05886655465052054,-0.32733586173097384,0.20960275242993276,0.00021627207651938782,-0.0006692777789882006,0.0007318621990847162,-0.0003051414429131182
663969,2024,"phillips, tyler",578,98.6,94.0,103.7,-0.07723177300872594,-0.39847181483771776,0.24400826882026588,-4.053019285369993e-05,-8.207533586966726e-05,0.0003302788818399359,0.0008622042278472644
685299,2024,"gordon, tanner",607,98.5,90.3,107.3,-0.07910517783712673,-0.589590407017317,0.43138005134306356,-8.0018633064465e-05,-0.00011218082461959646,0.0005383218888389546,0.0005200391531625394
607192,2024,"glasnow, tyler",2012,98.5,103.3,93.9,-0.04462919088488407,0.0748423027843656,-0.16410068455413374,-2.7737321316208882e-05,0.00020258152153653056,0.00044085789181656695,3.0638540202107344e-05
669372,2024,"ginn, j. t.",520,98.5,98.8,98.7,-0.08588635512485593,-0.13376109519954216,-0.0380116150501697,-4.547784269019758e-05,0.00010703816279419505,0.0002078726344381203,0.0008437043935025515
683409,2024,"chivilli, angel",514,98.2,103.2,93.5,-0.10380243379951358,0.14015209231806405,-0.3477569599170912,8.783399086433675e-05,-3.94342889983507e-05,0.0003087170416770009,0.00016524317718613694
621114,2024,"burr, ryan",570,98.2,101.8,95.0,-0.09681740824034694,0.04631744667695015,-0.23995226315764404,-0.00014197602114856978,0.00046588386946793157,0.00018538194230183322,0.0006481950068025039
676092,2024,"snider, collin",684,98.1,101.8,94.8,-0.09090331558553312,0.04431666086949204,-0.22612329204055828,-4.42287593637151e-05,0.00022294554024041425,0.00017290754109179732,0.0007007854215745598
681035,2024,"scott, christian",788,97.9,95.2,101.1,-0.09228160040675724,-0.27048888687476513,0.08592568606125064,-4.033709263279342e-05,2.967852407087847e-06,0.0002891088208548213,0.0007750697654725276
606303,2024,"payamps, joel",916,97.9,106.1,90.0,-0.08592042958109411,0.22502696417057738,-0.3968678233327656,3.5900692075327295e-05,0.0001456438613175374,0.0002733262617340689,0.00020139248302487793
518886,2024,"kimbrel, craig",969,97.9,108.6,87.3,-0.08473635954688974,0.3252268888619978,-0.4946996079557773,-1.4324487749801196e-05,0.0003367405367882606,0.00012417267052681986,0.0004934140079711448
669022,2024,"gore, mackenzie",2995,97.7,97.5,98.6,-0.05825756599741688,-0.0968144642849662,-0.019700667709867566,-3.991091853211278e-05,0.00011796682415852748,0.0003564615961224504,0.0004515004782163222
605288,2024,"houser, adrian",1131,97.7,95.0,101.0,-0.0839472284375524,-0.23393551747874983,0.06604106060364504,-5.053870936408751e-05,5.260874507002141e-05,0.00033781230354805344,0.0006133892527816578
669212,2024,"morgan, eli",649,97.5,102.9,92.5,-0.12366613293601636,0.10493760430137772,-0.35226987017341044,9.52918634038691e-05,-8.139881986125095e-05,0.00043431764549331275,-0.00019186461011884383
605154,2024,"brebbia, john",995,97.2,107.1,87.7,-0.10828073091712598,0.2588603671046042,-0.47542182893885615,-7.065581640746406e-05,0.0004316270790797428,0.00011117147844107179,0.0005544507421549006
669622,2024,"bender, anthony",959,97.2,102.8,92.2,-0.10904570314621118,0.07809162501792238,-0.29618303131034474,-6.913604539867888e-06,0.00015328291050802672,0.00027449010381545266,0.00032698198164705266
676710,2024,"crawford, kutter",2823,97.0,97.1,97.6,-0.07731777639205246,-0.10845166597092185,-0.046183886813183084,1.850233956018248e-05,-3.418908962330547e-05,0.0005007410600095426,1.4028667844723698e-05
623167,2024,"flexen, chris",2799,96.9,93.5,101.1,-0.08032071746511914,-0.21110975319517475,0.050468318264936474,-7.202725473625182e-05,0.0001209744467266476,0.0002784230167585598,0.000759585989813094
543859,2024,"tonkin, michael",1424,96.9,101.7,92.8,-0.09924260799709908,0.02550005648530669,-0.22398527247950487,-2.4382053648489668e-05,0.00016131695670466078,0.0002187306720773895,0.0005753439829890903
664208,2024,"maton, phil",1085,96.8,98.7,95.5,-0.11885657079469811,-0.08887114650544006,-0.14884199508395615,-5.2628911521470566e-05,0.00015470968385589975,0.0002127021767580923,0.0006883668954546828
669084,2024,"hall, dl",783,96.7,97.3,96.8,-0.14473942757002886,-0.17521605396678508,-0.11426280117327264,-9.296375263358337e-05,0.00019670788267214028,0.00013223673330000076,0.0009576970875229267
693433,2024,"woo, bryan",1717,96.5,84.9,109.3,-0.1044493518702882,-0.5319752387642904,0.32307653502371403,-4.5357808791943615e-05,-0.0001593523109519731,0.0004955876031047933,0.0005009817991031843
518397,2024,"alexander, scott",596,96.4,98.1,95.5,-0.1838813139172782,-0.15959390408937194,-0.20816872374518441,-2.91627231321138e-05,4.94502284343691e-05,0.0002992076086244839,0.00037047242039977017
673380,2024,"núñez, dedniel",526,96.2,98.9,94.3,-0.20970734436219016,-0.12667886832316533,-0.292735820401215,-0.00019330225957455457,0.0004771474298936455,0.0001130669697052749,0.0007829295493111709
686752,2024,"pepiot, ryan",2150,96.1,94.9,98.2,-0.10928317108756284,-0.18454808225720212,-0.034018259917923566,-2.1085218934936558e-05,1.2810279288986343e-05,0.00022968972669138587,0.0007877874047987637
477132,2024,"kershaw, clayton",508,96.0,94.1,98.8,-0.2266101942555322,-0.4225748027363647,-0.03064558577469967,-7.602967427514611e-05,-1.0437509206287687e-05,0.0006170202353118358,-0.00029134574678006946
805673,2024,"matthews, zebby",717,95.8,93.4,99.2,-0.19168768257895152,-0.3766091333967916,-0.006766231761111435,-5.4771631168004236e-05,-3.226581792309959e-05,0.00031554952296924564,0.0005824926274214599
630023,2024,"chirinos, yonny",516,95.6,100.7,91.4,-0.24409797459357807,-0.015071448417099731,-0.4731245007700564,-4.3551795830264106e-05,0.00018158810032502145,0.00031805300813799483,-2.130280224991889e-05
666200,2024,"luzardo, jesús",1084,95.5,83.1,109.2,-0.16403431400723825,-0.7180201026719883,0.38995147465751184,-0.0001291556901753534,-7.654804239908304e-05,0.0004666659542076045,0.0006674610420256195
663554,2024,"mize, casey",1790,95.3,78.6,113.5,-0.13842123964337355,-0.7280403773267754,0.4511978980400283,-3.398716131505388e-05,-0.0003184712970116468,0.0006453896807233917,0.0002459074947952809
623433,2024,"anderson, nick",578,95.0,99.1,91.9,-0.2576700662922965,-0.10602202446599673,-0.4093181081185963,-7.516488380876154e-05,0.00019895120014604866,0.0002186461444177409,0.0003384123996941732
554430,2024,"wheeler, zack",3136,94.8,72.3,119.0,-0.1293299161289998,-0.7892397274351369,0.5305798951771373,-0.0001393156954442997,-9.902583569320852e-05,0.00033671410436398415,0.00121092548002506
663687,2024,"harris, hogan",1213,94.7,89.1,101.7,-0.1799977997614991,-0.45089383382389026,0.09089823430089208,-6.830418288426229e-05,-4.8455844917681395e-05,0.0003638756099920582,0.0005722938216250807
682610,2024,"muñoz, roddery",1486,94.6,91.8,98.8,-0.16838613923945633,-0.31928235033109154,-0.017489928147821104,-0.00012807820451154792,0.00018723241355681237,0.00029859105613913844,0.0006162062355725187
670950,2024,"richards, trevor",1182,94.6,103.3,87.0,-0.18601240599701302,0.08919455619350201,-0.46121936818752807,1.5008047042395184e-05,0.000106518461508613,0.0001964937442951348,0.0003339601941410125
656730,2024,"megill, trevor",682,94.6,98.6,91.8,-0.24703181860259316,-0.1198034880293122,-0.37426014917587413,-2.3197498767863618e-05,6.129468128164685e-05,0.00026925538234696733,0.0002417103806214654
663978,2024,"paddack, chris",1462,94.6,82.2,108.7,-0.16912483134791495,-0.6598020072730287,0.32155234457719883,-8.118402243828909e-05,-0.00015621698053538112,0.0004440833997364366,0.0006430999630817725
657376,2024,"schmidt, clarke",1456,94.5,88.4,102.1,-0.1727118900000088,-0.44175768763661194,0.09633390763659433,-0.00011176070901029613,6.506034700327379e-05,0.0004132899192090576,0.0004410270278383426
622072,2024,"wood, alex",760,94.4,97.1,93.0,-0.24273264127304173,-0.18750553306098175,-0.29795974948510173,-6.027985467162545e-05,0.00010771122320317982,0.00031549563417095083,0.00021000679868347444
669060,2024,"wilson, bryse",1643,94.3,89.9,100.3,-0.17006063715324296,-0.3729175001825477,0.03279622587606179,-1.5413699106739594e-05,-0.00012707978669392755,0.0006001583618112343,-0.0001629936928882216
647315,2024,"pop, zach",760,94.3,100.8,89.1,-0.24480445080586877,-0.007113204794590294,-0.48249569681714727,-3.281391271877268e-05,0.00016036517398833054,0.00027837110594055626,7.77040587061929e-05
608334,2024,"fulmer, carson",1490,94.2,91.8,98.0,-0.18204613451111368,-0.3189798197096702,-0.04511244931255716,-1.6474065832323454e-05,-8.841676487663859e-05,0.000399124873531334,0.0002996427259092195
695243,2024,"miller, mason",1037,94.1,103.7,85.8,-0.21479565846130128,0.1110776135125654,-0.540668930435168,0.0002408218479251703,-0.00043700161736365874,0.0005870971445371782,-0.0008603145009830136
621112,2024,"blackburn, paul",1212,93.9,90.2,99.1,-0.2087337087866178,-0.4090216793949222,-0.008445738178313428,-8.601678497011812e-05,2.3304015806713383e-05,0.0002904434819328562,0.0006505705356502076
571927,2024,"matz, steven",758,93.8,90.8,98.3,-0.26993032230037095,-0.49393496829568106,-0.04592567630506089,-7.349052828432245e-05,-6.439763657837274e-05,0.00028933754200403505,0.0006057015036129285
450203,2024,"morton, charlie",2796,93.7,84.8,104.3,-0.16005277916155816,-0.4593543919522963,0.13924883362918,-9.804103346790016e-05,1.9391069157571306e-05,0.0004359273342267282,0.0004326228442758181
605463,2024,"scott, tayler",1208,93.7,103.0,85.7,-0.21383715400741643,0.0780145906968518,-0.5056888987116847,0.00023138199504864725,-0.0004357624860144495,0.0004350748511492573,-0.00039031102270766486
523260,2024,"kelly, joe",558,93.6,96.0,92.7,-0.3316043498052943,-0.290375659558486,-0.37283304005210255,-5.723970089909867e-05,3.145724027307898e-05,0.00011600204810877473,0.0006722201126455484
668909,2024,"williams, gavin",1368,93.5,80.3,108.5,-0.21020818609533642,-0.7464228324508252,0.32600646026015234,-0.00014175800752746755,-6.437817417612929e-05,0.0004670436488473844,0.0005845749410550604
621242,2024,"díaz, edwin",914,93.5,99.3,89.1,-0.2522316443913965,-0.07086122426723263,-0.4336020645155604,0.0002490901440754385,-0.0005790130928355184,0.0006866268324413223,-0.0010017089767047059
621389,2024,"blach, ty",1133,93.2,96.3,91.6,-0.2387805285736827,-0.18327443309319486,-0.29428662405417055,-2.2559591654657188e-05,1.7305553285426465e-05,0.0005701819154768671,-0.0004977066215593643
676775,2024,"winn, keaton",877,93.1,88.8,99.1,-0.2764295271851201,-0.5447327011077608,-0.008126353262479374,-0.0001614248386926109,0.00011900516381437799,0.0002764449782302962,0.0006901361600279535
571510,2024,"boyd, matt",669,92.9,78.8,109.1,-0.328344989161446,-1.1547427642084944,0.4980527858856024,-0.00011017864342874248,-0.00041527936882886145,0.0006678724339695421,0.00024297785250134546
675921,2024,"howard, spencer",537,92.8,93.9,93.4,-0.3820644867266616,-0.4223944871219192,-0.341734486331404,-1.852353317996629e-05,-0.00015245463126350748,0.00046119274563613565,-0.00025355821655141235
571760,2024,"heaney, andrew",2739,92.7,83.3,104.2,-0.18458216447276554,-0.5052593610457313,0.13609503210020024,-6.920282884740593e-05,-8.25626806853336e-05,0.0004892799714625848,0.0002793478362003006
668678,2024,"gallen, zac",2507,92.7,66.7,121.2,-0.18992522947713952,-1.002955044805168,0.623104585850889,-0.00013932631755918134,-0.00024180796439106472,0.0007397654761939828,0.0002019042754205636
676596,2024,"fleming, josh",534,92.6,100.1,86.6,-0.3963190426208473,-0.05235374545207089,-0.7402843397896237,-7.875552912690457e-08,4.9223330867736346e-05,0.0002330953233598232,-0.00012553834407768848
686613,2024,"brown, hunter",2890,92.5,82.3,104.7,-0.1871295375119401,-0.5237583578795626,0.14949928285568237,-0.0001092794687071186,4.1331699645771085e-06,0.00042363491809314485,0.00048012481848258863
674003,2024,"bradford, cody",1176,92.5,88.3,98.6,-0.25847317188479857,-0.49019031476383423,-0.02675602900576286,-4.001486223537634e-05,-0.00014463701172887737,0.00038840995384518224,0.0003531051996252041
667725,2024,"tyler, kyle",581,92.4,100.2,86.1,-0.38616661525898555,-0.04134528368258721,-0.7309879468353839,-7.460813047650975e-06,7.482557208839966e-05,0.00011817739040924293,0.00020780901032904918
663485,2024,"sands, cole",1154,92.4,96.2,90.2,-0.2644101153946511,-0.18391608497349965,-0.3449041458158026,9.095169715917698e-05,-0.00026368843720223116,0.00038031943830811496,-3.1393857068328454e-05
592773,2024,"stanek, ryne",985,92.4,97.8,88.7,-0.2840366642957681,-0.13363458756197402,-0.43443874102956226,3.889503100909031e-05,-0.00010142126969020457,0.0001996838599535489,0.0003593075561270377
607455,2024,"banda, anthony",797,92.3,92.6,93.8,-0.32415391522464493,-0.39490110662073064,-0.2534067238285592,-2.820493520819191e-05,-0.0001101535964385116,0.00022842888259985247,0.0005105656930203004
672456,2024,"montero, keider",1540,92.2,90.2,96.2,-0.23833191050939362,-0.37117162591545344,-0.10549219510333377,-4.2811037815084764e-05,-5.81953112352934e-05,0.00048412885109061764,-1.5399381655096926e-05
663474,2024,"mckenzie, triston",1309,92.1,90.1,96.1,-0.25684373832545315,-0.40032001651043514,-0.11336746014047117,-3.0813907537303924e-05,-0.00010732602605395223,0.0003142985964934263,0.0004495755362503114
472610,2024,"garcía, luis",904,91.9,88.8,97.0,-0.3171510147464161,-0.5342674757873359,-0.1000345537054963,0.00012421114779800498,-0.000580006680484539,0.00048422263594695566,-8.677645738598696e-06
696131,2024,"black, mason",663,91.8,94.7,90.7,-0.3831414803960246,-0.3261377474984136,-0.44014521329363554,-0.0001282641552196971,0.00018311112835233068,0.0002959653180516466,8.268451963819374e-05
642546,2024,"hernández, jonathan",767,91.7,92.8,92.6,-0.35352049786520523,-0.39455402075917684,-0.31248697497123357,1.1448440621529378e-05,-0.00020793269808284657,0.00022734715250168172,0.0004379873003370631
663893,2024,"little, brendon",705,91.7,92.7,92.8,-0.3699897992421478,-0.41857370411423056,-0.321405894370065,-6.692300414616153e-05,-3.0272810202637257e-05,0.00023159059055362683,0.00041470403989125166
656629,2024,"kopech, michael",1150,91.6,100.3,84.6,-0.29263812286074675,-0.026504918914333424,-0.5587713268071601,1.1258655010087877e-05,3.847336219186906e-05,0.00018164485350579608,0.00025065985046946815
519043,2024,"moore, matt",859,91.4,95.5,89.2,-0.3462051792076536,-0.24626399662283432,-0.44614636179247286,-3.5658526997127946e-05,7.591370834534457e-06,0.00012318887037816926,0.0005582988739682585
668933,2024,"ashcraft, graham",1342,91.3,90.1,94.6,-0.28062259561530445,-0.3948120646161827,-0.16643312661442622,-0.00011593108282976469,0.0001067381388393975,0.00024046673156488126,0.0005881921506596968
592155,2024,"booser, cam",699,91.3,102.8,81.7,-0.38966719543459505,0.09224121053238951,-0.8715756014015796,-4.484253123883405e-05,0.0002564866348690255,8.697820576939945e-05,0.00011517183371757188
686539,2024,"cronin, declan",1109,91.2,110.1,73.9,-0.3096274879377463,0.3631957212213604,-0.982450697096853,-8.401205795404297e-06,0.00034747144377080273,6.049429318953435e-05,4.7367774221311664e-05
601713,2024,"pivetta, nick",2392,91.0,69.0,115.8,-0.2350284644540419,-0.9480991006546631,0.47804217174657926,-8.696572484058637e-05,-0.0003345716336025179,0.0005336339143584378,0.0005928653651080842
670766,2024,"mccaughan, darren",714,91.0,94.6,89.4,-0.4008062012957851,-0.3187805389746965,-0.4828318636168737,-0.00013228597097995882,0.00019796804604794324,3.605541534802661e-05,0.0007550844627449678
666142,2024,"ragans, cole",3119,90.6,87.2,96.3,-0.2300133600930858,-0.3788196077150632,-0.0812071124711084,-8.899505865612513e-05,5.0846960945945945e-05,0.0005196454606050154,-8.366989030076424e-05
656641,2024,"latz, jacob",827,90.5,94.6,88.5,-0.38923999217773847,-0.29448832732849994,-0.483991657026977,3.669871411989814e-06,-0.00012184077196758697,0.0002866319958668606,5.2682161208720175e-05
681869,2024,"dubin, shawn",840,90.4,93.9,89.1,-0.38772654986647526,-0.3219388709654573,-0.45351422876749325,-0.0001381127951158762,0.00021025972145132657,0.00010898360556744008,0.000588605578370639
605488,2024,"springs, jeffrey",565,90.4,89.2,93.9,-0.4935298566729158,-0.6808210594895989,-0.3062386538562327,-0.00012517515315071674,-6.152965032069556e-05,0.0004319645376662398,-0.00012637689650459326
453286,2024,"scherzer, max",670,90.4,96.0,87.0,-0.4412942882662972,-0.2594739705472918,-0.6231146059853025,-4.5671270590976014e-05,2.351267405016634e-05,0.0003869447421440334,-0.00040594861484133404
666129,2024,"garrett, braxton",589,90.2,84.8,98.1,-0.48804949188151775,-0.9125003893980714,-0.06359859436496404,-0.00015135214741190272,-0.000151640374409892,0.0003109868020038226,0.000522527930074611
657024,2024,"swanson, erik",667,90.1,90.5,92.1,-0.45776287117153025,-0.5478601700174914,-0.36766557232556907,-0.00017944096250526535,0.00016144568734289782,0.000164450341553981,0.0005433122594379658
594835,2024,"gonzales, marco",546,90.0,93.2,89.1,-0.5246557372711272,-0.4615568345901179,-0.5877546399521365,-9.402726398945047e-05,7.99854583158469e-06,0.00020056945014059472,0.00016063399723468776
642701,2024,"santana, dennis",1109,89.9,93.0,89.1,-0.35463612525176424,-0.3148033207608275,-0.3944689297427009,-5.349552588824511e-05,5.879785025244033e-06,0.0002144487516464674,0.0003691557367966262
666157,2024,"lodolo, nick",1865,89.9,86.0,96.3,-0.2873244983863587,-0.4807011973010277,-0.09394779947168966,-7.242290203267133e-05,-5.8193440908444354e-05,0.0003179498075876618,0.0004642133789587102
687134,2024,"blalock, bradley",554,89.7,85.7,96.3,-0.5311669842498372,-0.8939429972304823,-0.168390971269192,-0.00013780914336082207,-0.00017271416279347727,0.0002785280411235164,0.0004792208193864637
641703,2024,"honeywell, brent",595,89.3,85.4,95.8,-0.5299529096243741,-0.8707871991460178,-0.18911862010273048,-8.148533512293421e-05,-0.00029645629244725837,0.00022470047758924936,0.000603263519114943
665622,2024,"medina, luis",724,89.1,86.1,94.8,-0.47762346721137183,-0.7375371578156062,-0.21770977660713736,-0.00011305195203629976,-0.0001293932072744863,0.0002391274816564088,0.0005263202650280344
686580,2024,"slaten, justin",812,88.7,95.6,84.4,-0.46375584255022667,-0.2512584918458035,-0.6762531932546498,-0.0001679662147730562,0.00033127814316754494,5.232605737791574e-05,0.00046205311083656153
592351,2024,"gray, jon",1635,88.6,84.6,95.5,-0.3377170351800439,-0.5500589450735618,-0.12537512528652606,-2.9282093986521435e-05,-0.00021117042147564922,0.00041478596748918857,0.00015312407614328965
614179,2024,"ruiz, josé",839,88.3,95.2,84.0,-0.4737504932594583,-0.2651135429130406,-0.682387443605876,-1.252510983788529e-05,-6.218297164066554e-05,0.00015307409050872658,0.00017238865380366322
621199,2024,"bowman, matthew",501,88.1,93.8,85.2,-0.6544251669061536,-0.4466815081227652,-0.862168825689542,-6.554878261410643e-05,-5.2451601492774624e-05,9.901194375694479e-05,9.354853529533535e-05
519326,2024,"strickland, hunter",1166,88.1,97.4,81.4,-0.40768740486589916,-0.13865142480046444,-0.6767233849313339,-1.7137951193989776e-05,3.372280371598394e-05,4.8369186483168247e-05,0.00047251965588914597
664126,2024,"fairbanks, pete",702,88.1,89.9,89.1,-0.5314665633485236,-0.5594407716510752,-0.503492355045972,-0.00014178292646147513,6.062816272871716e-05,9.472165101843963e-05,0.0005645430603691159
671096,2024,"abbott, andrew",2334,88.1,81.5,97.7,-0.3139283009109725,-0.58138663937531,-0.04646996244663504,-0.0001075157467306038,-3.873445651925287e-05,0.00021920739144496863,0.0008011745331962134
687863,2024,"hodge, porter",643,88.0,91.3,87.4,-0.5651638161505272,-0.5135019043705674,-0.616825727930487,-9.100798606672638e-05,-3.417480802914709e-05,5.111569468799389e-05,0.0005414873195955926
694973,2024,"skenes, paul",2127,87.6,81.0,97.4,-0.33589536074965726,-0.6143938128172304,-0.05739690868208415,-0.00011388010046342393,-4.505969991492865e-05,0.00043539258676291717,0.0001824736454407012
683004,2024,"leiter, jack",669,87.6,85.1,93.2,-0.56853203495149,-0.8263555709893283,-0.3107084989136516,-0.00011828011488277057,-0.000175820832330225,0.0003403942674420103,0.00012404540399740203
689672,2024,"thorpe, drew",721,87.6,85.7,92.6,-0.543401157203374,-0.7599444267649575,-0.3268578876417904,-9.658019587016685e-05,-0.000185079292646673,0.0004480060669776943,-0.00019763476876815571
656731,2024,"megill, tylor",1367,87.5,90.7,87.2,-0.39950614484426733,-0.372088844729203,-0.42692344495933165,-3.8683198763329135e-05,-6.901097023623737e-05,0.0003224560087158902,2.5503922947662316e-05
543294,2024,"hendricks, kyle",2135,87.4,86.0,91.8,-0.3410239337389735,-0.458063746916227,-0.22398412056172,-6.017273647455625e-05,-7.334535990629934e-05,0.00024885431659321135,0.0004910829593369434
676428,2024,"hurter, brant",645,87.3,88.4,89.2,-0.5958412729474956,-0.6674812631158124,-0.5242012827791787,-0.00016024228869350164,3.405948507050328e-05,0.00018862648952776764,0.0002753695069618923
506433,2024,"darvish, yu",1264,86.8,89.6,87.1,-0.43529033174287235,-0.4257646660823053,-0.44481599740343936,-9.59991089112596e-05,3.6789308850375053e-05,0.00036289264050833725,-0.00011050314896151806
663765,2024,"woodford, jake",618,86.8,88.1,88.5,-0.6377645562584002,-0.7021683241445386,-0.5733607883722618,-0.00013358380274290188,-5.501066007939199e-05,0.00019860430613542645,0.00018455056491919163
573186,2024,"stroman, marcus",2668,86.6,98.8,77.3,-0.3386709615480884,-0.062292611893291785,-0.615049311202885,-2.9358875362181103e-05,0.00011495351410572092,7.466938691689144e-05,0.00047787568926349806
672282,2024,"detmers, reid",1559,86.4,75.7,100.6,-0.41090741836962486,-0.8661504931977573,0.044335656458507545,-0.0001559572072987196,-0.00010928624669226251,0.0003630920213308905,0.0005149001655454382
674370,2024,"bido, osvaldo",1057,86.1,89.9,85.5,-0.4984340168715864,-0.4489836663190404,-0.5478843674241324,-8.26451205322932e-05,-1.1733020367656822e-05,0.00021881729376482063,0.00016061221238557088
605130,2024,"barlow, scott",1027,86.0,96.0,79.2,-0.5070580913058298,-0.2061122416579646,-0.8080039409536951,-6.378459292732961e-05,0.00010394053120069775,9.819921344082083e-05,0.00016513602222036094
680694,2024,"bradish, kyle",674,86.0,73.7,102.0,-0.6375828711144865,-1.4137390653559079,0.13857332312693482,-0.00018761810052644775,-0.00039693863286262054,0.0006095955320498537,-5.4029966420537835e-05
641302,2024,"alexander, tyler",1673,85.9,82.2,93.0,-0.41482749221969695,-0.6250970118225824,-0.20455797261681147,-9.860636996510704e-05,-8.996376374874328e-05,0.00029145072082507434,0.00039679078295957944
668674,2024,"erceg, lucas",955,85.8,88.5,86.4,-0.5346378209661673,-0.5336557897621187,-0.5356198521702158,-2.3271058963690224e-05,-0.00021506698295730987,0.00025060163773811523,8.739911196238749e-05
608379,2024,"wacha, michael",2605,85.8,92.4,82.4,-0.3620795153827433,-0.24713776457912343,-0.4770212661863632,9.938291518376425e-06,-0.00010569390163174315,0.000523376191504459,-0.0006006238084454946
677960,2024,"weathers, ryan",1417,85.8,82.7,92.3,-0.44689264915935156,-0.6511673182862912,-0.24261798003241203,-4.466104528420935e-05,-0.00024072076892999047,0.0005017769743437465,-0.00024024317490774525
687924,2024,"aguiar, julian",532,85.7,87.5,87.1,-0.7600407592903912,-0.8076457753199937,-0.7124357432607886,-0.00013021571370636174,-0.0001338174596055419,0.00022217161020160082,-5.934481403991143e-05
671737,2024,"bradley, taj",2296,85.5,80.4,94.3,-0.38271824281149464,-0.6182436939154563,-0.147192791707533,-9.196835225370994e-05,-0.0001017914064127398,0.0003771779908814757,0.00023040212172816674
690829,2024,"joyce, ben",541,85.4,97.4,76.5,-0.7660411175743306,-0.20988263464951215,-1.322199600499149,-1.1389188453294806e-05,-2.8084345192610296e-05,0.00014021701731618808,-0.0006104065865218329
676664,2024,"sears, jp",2858,85.2,71.2,103.2,-0.36653566315653563,-0.8403408610561567,0.10726953474308545,-0.00012602484086098064,-0.00016602345582336688,0.0004061722505554136,0.00047493090181756635
694363,2024,"shuster, jared",1290,85.1,106.4,66.9,-0.4856552475102581,0.2020254794632066,-1.1733359744837228,0.00012138049530670481,-8.100609940280694e-05,0.0001109168747004458,-0.00033794875443072375
663738,2024,"lynch, daniel",631,85.0,88.9,84.6,-0.7131295141249075,-0.6515488547614142,-0.7747101734884009,-7.944391170860472e-05,-0.00015500309906675173,0.0003378001997002995,-0.0004624753391581158
623465,2024,"phillips, evan",921,84.8,97.0,75.9,-0.5822950100361304,-0.17191213655200782,-0.9926778835202529,-1.5518416148496278e-05,7.49440759101913e-06,0.00023711396378084181,-0.0004597641145243301
622491,2024,"castillo, luis",2867,84.6,84.1,88.8,-0.3824646214152321,-0.4759817246312105,-0.2889475181992537,-6.922076982284629e-06,-0.00021693783362892178,0.0004581791747063785,-0.00017757779355914613
670167,2024,"schreiber, john",899,84.6,88.4,84.4,-0.5975594202039712,-0.5561560540331523,-0.6389627863747902,8.47215986624024e-06,-0.0003085615996015564,0.00015975808988601698,0.0002092619995001509
657585,2024,"garrett, reed",984,84.5,96.8,75.6,-0.5733650127875649,-0.17403138724780431,-0.9726986383273255,-5.263433578654697e-05,9.78175006234036e-05,0.00018203502627137496,-0.00028012896066877
666214,2024,"wentz, joey",1229,84.4,89.2,83.2,-0.5189789495060958,-0.443761706439839,-0.5941961925723527,-2.3990277060865904e-05,-0.0001532204672242475,0.00020930316725895014,0.00012796068702146702
571945,2024,"mikolas, miles",2705,84.3,98.4,73.6,-0.39445024216412156,-0.07169686697497964,-0.7172036173532634,-4.582119181779622e-05,0.00014935924018128353,0.0001411636950974805,0.0001611508586673396
694813,2024,"stone, gavin",2154,84.2,72.9,99.6,-0.42535869393898507,-0.8587293582657838,0.008011970387813622,-0.00015219363064181515,-0.00011362972378205624,0.0004990180460873532,8.820205445327726e-05
670059,2024,"holderman, colin",870,83.7,92.1,79.0,-0.6431892926201407,-0.3997961036725375,-0.8865824815677439,-7.742696985100387e-05,8.237311185919332e-06,7.362429923630536e-05,0.00013332155458073322
683769,2024,"gaddis, hunter",1079,83.5,95.8,74.8,-0.5833429682371412,-0.20552721721684905,-0.9611587192574333,1.6874627669121815e-05,-9.503349626805563e-05,0.0001684314744749661,-0.00022730933212685903
687792,2024,"herz, dj",1587,83.5,94.7,75.9,-0.49497156403248327,-0.21386352171725578,-0.7760796063477108,1.7677468639895032e-05,-0.00010258834108710111,0.0005056587776655105,-0.0009337653613314031
663623,2024,"irvin, jake",3050,83.2,70.6,100.1,-0.4093412523397534,-0.8414348408640804,0.022752336184573577,-0.00016925596904107052,-5.9900331247282966e-05,0.00033242602716643266,0.0005730598402368073
608718,2024,"suter, brent",1022,83.0,86.4,83.6,-0.6165311675631129,-0.6017053969928026,-0.6313569381334232,-0.00011667924717487117,-2.966243885538337e-05,0.0002187634582203327,5.394403627970142e-05
806185,2024,"birdsong, hayden",1388,83.0,81.3,88.9,-0.5359054195963691,-0.7066267555796899,-0.36518408361304827,-9.606731381937892e-05,-0.00015071916241757177,0.00020386526034591002,0.0004362355410186052
593423,2024,"montas, frankie",2638,83.0,81.3,88.8,-0.4310674867129557,-0.5676557461423393,-0.2944792272835722,-8.15590838848719e-05,-9.3716169555975e-05,0.0002381357638222406,0.0004308534489287457
680897,2024,"nastrini, nick",736,82.9,79.3,90.7,-0.7409344783997764,-1.06680049033651,-0.41506846646304296,-0.00022183962225672273,-8.052294809107307e-05,0.00018724863343708858,0.00041887952476411556
572143,2024,"smith, burch",896,82.7,91.5,77.8,-0.6715755863881201,-0.41852375193338015,-0.9246274208428601,-2.0312401911874287e-05,-0.0001454466000463847,0.00021842784441071416,-0.0003204116104296761
641745,2024,"keller, brad",744,82.6,87.0,82.2,-0.7497192456472908,-0.6848601520763122,-0.8145783392182694,-0.00011653292199025919,-8.558959911317392e-05,0.0002468363724736988,-0.0002590481657006585
657571,2024,"ferguson, caleb",948,82.5,80.8,88.4,-0.66110915829378,-0.8643530744143564,-0.4578652421732038,-0.0002885456921764899,0.0002196330482566632,-5.6774654689276786e-05,0.0010467001663884243
669721,2024,"daniel, davis",508,82.5,88.6,80.4,-0.9559964293090002,-0.7664954422101085,-1.145497416407892,-9.160655020336643e-05,-0.00020175013049809993,0.00018656295040062244,-0.0005139229211152134
571946,2024,"miller, shelby",853,82.4,85.7,83.2,-0.7032638069376014,-0.6932307896313386,-0.7132968242438642,-3.4037870393653595e-05,-0.0002950855728813732,0.00028168595231749824,-0.000226921509029984
800049,2024,"mazur, adam",585,82.3,86.7,82.1,-0.8789289130193992,-0.8073761210102148,-0.9504817050285836,-8.48052435655672e-05,-0.0002458780806874234,0.00025519859124907026,-0.0004563529159850754
518617,2024,"diekman, jake",627,82.3,79.2,89.6,-0.8438621441955811,-1.1775669267421243,-0.5101573616490379,1.4603360533338077e-05,-0.0007389538727570612,0.0003380769859699795,-0.0001247047697277677
681857,2024,"olson, reese",1855,81.9,67.6,100.9,-0.5105015275611692,-1.0723264056513915,0.051323350529053055,-0.0001377374077443498,-0.0002920904434931006,0.0004111415261642097,0.0003894371323491202
680885,2024,"schwellenbach, spencer",1891,81.3,87.9,79.0,-0.5251497441588161,-0.4176918463065583,-0.6326076420110739,-6.527010691362858e-05,-3.376899408589879e-05,0.00025409879407702166,-4.6497224621458585e-05
682847,2024,"ortiz, luis",2158,81.2,85.2,81.5,-0.5053616936519403,-0.4816973646874929,-0.5290260226163878,-5.807147180714729e-05,-9.4331448738526e-05,0.00020655106584946208,0.00021905634467684826
686973,2024,"varland, louis",905,81.1,86.1,80.5,-0.7306464474235551,-0.6553658442514336,-0.8059270505956766,-9.826111991703853e-05,-0.00011104328958858814,9.103695679973013e-05,0.0001878282081519367
592426,2024,"jackson, luke",921,81.1,88.3,78.3,-0.7223000006433969,-0.5524249506223143,-0.8921750506644796,-0.00013520670422472974,4.906184708057351e-05,8.402827205702298e-05,9.706260287246765e-05
592836,2024,"walker, taijuan",1435,81.0,89.4,76.8,-0.5929845823538171,-0.40945285811084137,-0.7765163065967928,-2.4810704922597363e-05,-0.00012826683638528867,0.0002468910930102743,-0.00021049374169492468
607067,2024,"rea, colin",2656,80.9,70.2,96.4,-0.48288506122259633,-0.8847655932985959,-0.08100452914659667,-0.00015621754382410283,-0.00012108171593171997,0.0003629543717384057,0.0003548889921462781
643377,2024,"jax, griffin",1072,80.8,88.7,77.2,-0.6811373783878358,-0.49344163714644934,-0.8688331196292224,-6.384525056161632e-06,-0.00022993352242936676,0.0001975142518446044,-0.0001905124218914602
621111,2024,"buehler, walker",1336,80.7,72.6,93.7,-0.617479337298078,-1.0356229986721917,-0.19933567592396434,-0.00014250080747352264,-0.0002557909040504426,0.0003499813866203184,0.00023975046775576698
489446,2024,"yates, kirby",1045,80.7,88.5,77.3,-0.6917663293108949,-0.5078115423434979,-0.875721116278292,0.00014916417905169643,-0.0006240046242238543,0.0003746050136110973,-0.0006946889390278243
656546,2024,"hoffman, jeff",1004,80.4,89.3,76.1,-0.715909762387128,-0.48754768902738943,-0.9442718357468666,-8.301604770489808e-05,-3.658536887544714e-05,7.836262826452033e-05,4.624308179473611e-05
682990,2024,"priester, quinn",811,80.3,85.0,80.3,-0.8054910620054491,-0.746298463698261,-0.8646836603126371,-0.00017825790206329588,2.5921519499645255e-05,4.468457874149009e-05,0.00024229599244510004
656849,2024,"peterson, david",1875,80.3,72.5,92.9,-0.5554024854354475,-0.91068923566992,-0.20011573520097486,-0.00010715665597389646,-0.00025966788194520815,0.0005922357372476652,-0.0004388867748626878
683155,2024,"estes, joey",2031,80.3,78.4,86.9,-0.5401112334010653,-0.7040483374754354,-0.3761741293266951,-8.59421039812978e-05,-0.00017402264287531496,2.5385471330851608e-05,0.000921419175733988
650644,2024,"civale, aaron",2700,79.8,77.7,86.7,-0.508817813794425,-0.6649947980082982,-0.3526408295805518,-0.0001357383887607777,-2.4845169117989876e-05,0.0002280058822054164,0.0003847603207124477
621363,2024,"poche, colin",551,79.7,84.5,79.7,-1.0462525584778595,-0.970348877307835,-1.122156239647884,-0.00015440948442048917,-0.00018273896180752888,6.413659391450216e-05,-0.0001415999173807984
670174,2024,"winckowski, josh",1252,79.7,89.8,74.2,-0.6706447046577485,-0.42084854015596296,-0.920440869159534,-0.00016234809728678335,0.00020406878087078731,-8.213909859750515e-05,0.0005256980972979814
661527,2024,"martinez, seth",843,79.4,76.6,87.1,-0.826601421243965,-1.111430778782821,-0.5417720637051088,-5.5479967271567864e-05,-0.0005215359449207913,0.0002973281381572215,-5.1178151977326256e-05
681190,2024,"vásquez, randy",1692,79.4,87.1,76.5,-0.6007567951921664,-0.46117378922530705,-0.7403398011590258,-5.973808289017995e-05,-7.649787646610475e-05,0.0002464381978198035,-0.00016293228888475294
621381,2024,"strahm, matt",987,79.1,84.5,78.5,-0.7723585020665422,-0.6937192344468783,-0.8509977696862062,-0.00011617711093765503,-9.238885203437929e-05,0.00018854150681961272,-0.00014259000309726412
670102,2024,"francis, bowden",1561,78.0,80.2,80.9,-0.6627950917766287,-0.711020555170025,-0.6145696283832323,-0.00011603498577094321,-0.00010430119283038617,0.00021530974567149152,8.508733686165974e-05
681293,2024,"arrighetti, spencer",2509,77.8,67.3,93.9,-0.5691540461595096,-0.9851519474157291,-0.15315614490329013,-0.00014298141307122046,-0.00022087733803451053,0.0003216851362079394,0.0003779966867969129
554340,2024,"garcía, yimi",632,77.7,84.1,76.4,-1.0573573568291237,-0.9111835250618106,-1.2035311885964366,-0.00011798858539573874,-0.0002332249546420676,3.030953467965941e-06,-7.480838976768462e-05
686730,2024,"spiers, carson",1554,77.6,75.2,85.4,-0.6745477188855767,-0.8835346054429248,-0.4655608323282286,-9.521234487415493e-05,-0.00027104536209967867,0.00024535471044837297,0.00019172954730410717
600986,2024,"vieira, thyago",742,76.6,80.8,77.9,-1.0058628551917255,-0.98865555610519,-1.023070154278261,-7.836855704780913e-05,-0.00038292175209621716,9.805123319240114e-05,-0.0001096674879060071
682120,2024,"herrin, tim",1015,76.6,76.8,82.1,-0.8492476847233774,-1.0038972756384386,-0.6945980938083164,-0.0001934872217605724,-0.00010856837126249423,5.411259279830163e-05,0.0004335800447523497
455119,2024,"martin, chris",659,76.4,86.3,71.8,-1.0904738148210766,-0.7715520861331379,-1.4093955435090155,2.2265736691284298e-06,-0.0004370558854552739,0.0001884415573092467,-0.0008568848105195345
656288,2024,"canning, griffin",2876,76.4,65.4,93.3,-0.5826634960197672,-1.0020781366169065,-0.1632488554226279,-0.00010576263809820903,-0.0003241811603469934,0.00026884682515901045,0.0005128816210961213
641154,2024,"lópez, pablo",2986,76.2,89.7,68.0,-0.5825736921680863,-0.31469921823949143,-0.8504481660966812,-8.422151525277169e-05,8.189460683868474e-05,8.272792313946882e-05,0.00015409731941336917
543135,2024,"eovaldi, nathan",2623,75.8,81.8,75.4,-0.6118963033262917,-0.5527407811839524,-0.6710518254686311,-4.177131114223928e-05,-0.0001820929429079217,0.0003141295999359103,-0.00026361319170915446
671922,2024,"smith, cade",1166,75.8,85.9,71.3,-0.8228941218303217,-0.585043845140963,-1.0607443985196805,0.00016441379115136754,-0.0007133050073995134,0.0003752599491555944,-0.0009332928330229288
676979,2024,"crochet, garrett",2395,75.4,85.0,71.4,-0.6394733284287382,-0.4735493038372599,-0.8053973530202164,-4.9813573147864014e-05,-0.00010929777191208242,0.00019414383549570843,-9.990669403178303e-05
689017,2024,"knack, landon",1149,75.2,87.3,68.8,-0.8487953201112868,-0.5351854587039582,-1.1624051815186154,-8.882738156111511e-05,-5.405393356447973e-05,0.00013174443336931628,-0.0003822200495807863
694297,2024,"pfaadt, brandon",2801,75.1,70.0,86.3,-0.6194623922528524,-0.8785411741241078,-0.36038361038159694,-0.00013893280022036158,-0.00015964505367443608,0.00025482884958320844,0.0002998222109447182
686799,2024,"kochanowicz, jack",863,75.0,74.8,81.2,-0.9882365713661451,-1.1796125671798474,-0.7968605755524427,-0.0002190830988607956,-0.00016271927176127974,0.0002006666117746153,-0.00010722793887346417
683627,2024,"molina, anthony",1053,74.9,85.7,69.8,-0.8953785184782701,-0.6198898236359773,-1.1708672133205629,-2.3575833280663014e-05,-0.00027193679202023745,0.00011404714832574692,-0.00034354558060967634
686826,2024,"jarvis, bryce",1024,74.7,81.9,73.4,-0.9158489351464771,-0.7883875819199497,-1.0433102883730045,-0.0001390002115267936,-9.923619673634713e-05,9.438756147785381e-05,-0.0001253204247038556
666205,2024,"muller, kyle",739,74.7,78.4,76.9,-1.091955223628402,-1.1117071026331689,-1.0722033446236354,-0.00015909867903880995,-0.00026560679036536684,0.00011456832993226778,-0.00021874456783489796
543243,2024,"gray, sonny",2486,74.4,90.7,63.8,-0.657299533778437,-0.30157229500464866,-1.0130267725522253,-4.472407177800759e-05,-6.95936260248928e-06,0.0002485473789811496,-0.0005177861155247301
667755,2024,"soriano, josé",1743,73.6,80.5,73.0,-0.7593408678685534,-0.67462850975094,-0.8440532259861668,-0.00015332545508982932,1.218726799429204e-05,0.00014863497796854884,-2.207577117168427e-05
657006,2024,"steele, justin",2047,73.5,75.7,77.6,-0.7223573606294528,-0.7870066122354396,-0.657708109023466,-0.00011470318223287368,-0.00015836824164727463,0.00045699965563417513,-0.000646176562747934
673929,2024,"leasure, jordan",560,73.4,79.2,73.7,-1.3578113668722267,-1.2651242006762278,-1.4504985330682254,-0.00012865570460507771,-0.0004433685612688918,2.1884698058938767e-05,-0.00044358739163073463
700249,2024,"povich, cade",1392,73.3,79.8,73.1,-0.8393968103172958,-0.7617794052264226,-0.9170142154081691,-0.00011336372186982644,-0.00014482170919379945,0.0001454163210207076,-0.00010643970745178746
669854,2024,"blanco, ronel",2753,72.9,88.0,63.8,-0.6767637724652863,-0.3690944052126404,-0.9844331397179322,-1.2641663318925428e-06,-0.00015949844872501772,0.00022144682517720806,-0.00040538897021921374
650633,2024,"king, mike",2902,72.4,72.7,78.7,-0.6789968128629036,-0.7950722056541711,-0.562921420071636,-0.00011218805798593046,-0.00016997443363901102,0.0004090731393968424,-0.00039081819800049737
657746,2024,"ryan, joe",2108,71.2,66.8,82.6,-0.7771258379229373,-1.0517376390280402,-0.5025140368178346,-0.00019443122774206016,-0.0001382028601762245,0.00016532109928673656,0.0003683127265052271
669923,2024,"kirby, george",2969,71.2,65.2,84.2,-0.7056148834831939,-1.0007838255552086,-0.4104459414111793,-0.00012833362222891274,-0.00026752770149160795,0.0002734011746937845,0.00018380719331775603
673513,2024,"matsui, yuki",1066,71.2,77.3,71.9,-1.021761201620071,-0.9603675006263948,-1.083154902613747,-5.698880614404347e-05,-0.00041686338188770105,0.00015982639507168203,-0.00035935595485355544
663903,2024,"singer, brady",2969,71.2,73.3,76.0,-0.7040586887104927,-0.7737328272040852,-0.6343845502169002,-0.00015369328709328057,-5.312683455925323e-05,0.00014408513502499174,0.00025896143088871673
676272,2024,"miller, bobby",1054,70.6,77.3,70.8,-1.0481098543233451,-0.9648305100727318,-1.1313891985739586,-0.00013825019750837806,-0.00021899231093252454,0.00019046410616597377,-0.0005067812134476445
676106,2024,"hancock, emerson",1015,70.6,81.5,66.5,-1.0663961072272374,-0.8062762173102576,-1.3265159971442175,-0.00016014352298918884,-5.892989519628457e-05,8.96381118203394e-05,-0.00047444983544482866
641927,2024,"ober, bailey",2697,70.5,76.7,71.2,-0.7404287369552973,-0.6960994446096785,-0.784758029300916,-0.00012365924279458202,-7.548580678446596e-05,0.0001551122951364301,3.568503387376111e-05
640462,2024,"puk, a. j.",1181,70.3,85.6,61.6,-1.0040381275930197,-0.5912580069457731,-1.4168182482402665,-0.00012079635983213699,-1.2505061985701926e-05,-9.787539953158832e-05,-6.54916813760334e-05
682243,2024,"miller, bryce",2753,70.2,73.0,74.4,-0.7442964321809613,-0.7960086599500995,-0.6925842044118231,-9.49930776329062e-05,-0.00021310092730397802,0.00012590188747331192,0.00023534665425977623
808967,2024,"yamamoto, yoshinobu",1474,69.7,76.9,69.5,-0.9301366662004189,-0.8429521234683026,-1.0173212089325352,-0.00011472347569106318,-0.000195701869933237,0.0003468754735249096,-0.0007983270829093812
650911,2024,"sánchez, cristopher",2798,69.6,92.2,53.7,-0.7545874800079747,-0.2472768066230519,-1.2618981533928975,-8.154809735184871e-07,-7.920677177365272e-05,0.0002051257898726098,-0.0007148038029537806
607259,2024,"martínez, nick",2126,69.4,81.2,64.5,-0.8243076722678448,-0.6066944588720008,-1.041920885663689,-7.051516028593788e-05,-0.00014709973816626475,0.00010898698905013856,-0.0001643802527236373
641755,2024,"kinley, tyler",1194,67.0,67.1,74.8,-1.108498936955346,-1.3007865300153936,-0.9162113438952985,-1.0130040380426173e-06,-0.0007826925250633938,0.00030285509226413875,-0.0005458033553972768
663773,2024,"hoeing, bryan",785,65.7,75.5,63.8,-1.4274462168454916,-1.2096957252422174,-1.645196708448766,-0.00012882043675504836,-0.00040592309874048214,0.00015793095797758523,-0.0010732916068015561
683003,2024,"jones, jared",1916,65.6,55.0,84.7,-0.957676462723759,-1.4635627545638368,-0.4517901708836811,-0.0002526066316688936,-0.00026959991538798636,0.00022884436407774023,0.0002555347754016352
500779,2024,"quintana, jose",2826,64.0,74.3,62.0,-0.8904758564617852,-0.7535856940651205,-1.02736601885845,-0.0001348029612786284,-8.6355275444227e-05,5.594403750118434e-05,2.618291329566161e-06
640455,2024,"manaea, sean",2997,63.5,54.9,81.1,-0.8897720520743084,-1.2840822228389368,-0.49546188130967994,-0.0001965442337492989,-0.0002882369459846187,0.0006627951520962978,-0.0010142076998518722
680730,2024,"parker, mitchell",2404,63.0,89.5,44.7,-0.957428042468003,-0.3387813162838153,-1.5760747686521905,-8.01230206380429e-05,5.567229323764884e-05,-0.0001337519723094484,-0.000168935474094064
571670,2024,"floro, dylan",1020,62.6,67.1,67.1,-1.3520797989827082,-1.4037078770826619,-1.3004517208827544,-0.00012324543094878506,-0.0005493451868985944,7.44330579320433e-05,-0.0003985638197571969
552640,2024,"kittredge, andrew",1038,62.6,70.4,63.6,-1.3427009186917784,-1.2561147389866298,-1.429287098396927,-0.0002659126986196036,-9.809092242045402e-05,-8.853037493774876e-05,-0.00010758800831202605
605452,2024,"ross, joe",1202,61.8,66.4,66.3,-1.2775274886418746,-1.3222432065064325,-1.2328117707773165,-0.00020039894758901942,-0.00030420912030928684,8.239332459169019e-05,-0.0003342724797884279
656945,2024,"scott, tanner",1179,61.4,73.7,58.1,-1.3025604368974497,-1.052315869632428,-1.5528050041624715,-0.00017395726188056246,-0.00018919463280573216,-0.00013360090607583867,-0.00013958002397794868
606930,2024,"barnes, jacob",1125,61.1,71.5,59.7,-1.3417577609009528,-1.1614187110519825,-1.522096810749923,-0.0001355567104447239,-0.00035701352702570383,6.434888344568911e-05,-0.0006539924994662918
445926,2024,"chavez, jesse",1049,59.9,64.9,64.5,-1.4297903753387988,-1.4730225392807814,-1.3865582113968165,-9.735379069950738e-05,-0.0006596587038932799,8.031451568644432e-05,-0.0005252049172522026
643410,2024,"leiter, mark",1019,57.9,82.0,43.3,-1.523419692901635,-0.7852911749037185,-2.2615482108995515,-9.021208186071834e-05,-0.00021775647373136676,5.688835401553385e-05,-0.0015793901137312466
543339,2024,"hudson, daniel",1000,57.7,73.7,51.3,-1.546477555446828,-1.137857225685367,-1.9550978852082892,-0.0001235425523589632,-0.00037096465101373174,-7.236870849200234e-05,-0.0008256690084026838
622253,2024,"tate, dillon",591,57.7,65.4,59.9,-2.0796397116779812,-2.00114934528134,-2.1581300780746226,-0.0002390546306510958,-0.0006623212609763141,-0.00010137047412574881,-0.001004362317802458
471911,2024,"carrasco, carlos",1693,53.2,69.0,48.2,-1.359164077698198,-1.0628647265574085,-1.6554634288389871,-0.0001480849981535899,-0.00026019189870886037,-8.027675071240493e-05,-0.0004201101375461233
657277,2024,"webb, logan",3209,51.7,82.5,31.6,-1.1576714733022964,-0.5063038506007798,-1.809039096003813,-7.962922457615342e-05,-5.748976233066857e-05,0.00023915970400648502,-0.0015101733572842292
592454,2024,"kahnle, tommy",754,50.3,60.5,51.8,-2.1096623831112575,-1.9673894485998915,-2.2519353176226238,-7.778683198291853e-05,-0.0010383670260372222,3.3880890684052304e-05,-0.001502731654178772
684007,2024,"imanaga, shota",2594,47.8,72.5,34.9,-1.3205034561263562,-0.8231769262527984,-1.8178299859999139,-7.937527476742072e-05,-0.00026985768427615535,0.0005920933077830523,-0.002508656311895
683232,2024,"mears, nick",1032,46.9,59.7,46.5,-1.9080090267218932,-1.6988998466890717,-2.1171182067547147,-0.00020209201597790603,-0.0005517130512208604,-0.0001325738584882762,-0.000864597189069127
641793,2024,"littell, zack",2488,43.8,61.9,38.7,-1.43768035534327,-1.1439819193407255,-1.7313787913458145,-0.00014560607749486299,-0.00032052298691368305,0.00041261376764437286,-0.0018959818607081297
640448,2024,"finnegan, kyle",1087,41.8,37.9,59.7,-2.038808650108149,-2.5305308235857407,-1.5470864766305574,1.9766103559882007e-05,-0.0016557891809755292,0.00023497274369150222,-0.0011632441337466486
669302,2024,"gilbert, logan",3043,40.5,46.5,48.6,-1.4415966012891706,-1.5119323330172247,-1.3712608695611164,-0.00023937059586798923,-0.0003346367663982575,2.9322859743392162e-05,-0.0003629941651359629
641540,2024,"dunning, dane",1693,40.0,52.8,41.3,-1.7405676079238348,-1.6017032311677504,-1.8794319846799195,-0.00024189731158425629,-0.00038837801087850154,-0.00011382638177032014,-0.0006128740534010942
676684,2024,"vest, will",1170,34.5,41.5,43.0,-2.217625299549298,-2.3064608500755353,-2.1287897490230616,-0.00019088050303825394,-0.0009854075747587254,-3.9704067299835224e-05,-0.0011393104611862452
615698,2024,"quantrill, cal",2645,19.6,76.6,-19.7,-2.021265720774694,-0.7006202007033208,-3.341911240846067,-3.475407265104815e-05,-0.0002982530758593936,0.0001836150896362806,-0.0033163993843859873
